ID,Diabetes_binary
182992,0
148963,0
82811,0
110563,0
208808,0
79183,0
57172,0
205244,0
177219,0
62055,0
21089,0
117335,0
187605,0
141198,0
208863,0
23886,0
73633,0
167218,0
105070,0
146233,0
129054,0
213713,0
79699,0
53341,0
118805,0
96650,0
157031,0
131993,0
63539,0
67697,0
120352,0
160539,0
192456,0
92451,0
75565,0
60493,0
126576,0
90145,0
188619,0
151741,0
149484,0
73719,0
93037,0
170208,0
136217,0
118065,0
83632,0
28393,0
123677,0
115780,0
124445,0
173329,0
74326,0
181774,0
28205,0
53282,0
107556,0
121977,0
207649,0
209907,0
152670,0
129415,0
97758,0
215931,0
28198,0
213849,0
44888,0
59948,0
187498,0
175980,0
49288,0
21282,0
132215,0
204606,0
179281,0
139284,0
122406,0
167522,0
67595,0
106317,0
121532,0
196438,0
66950,0
141583,0
120587,0
157332,0
82495,0
39301,0
143176,0
74102,0
134740,0
164388,0
69823,0
40339,0
136359,0
34071,0
174744,0
49463,0
165617,0
80387,0
55207,0
175011,0
42324,0
24181,0
75671,0
36894,0
133633,0
186956,0
168386,0
195427,0
160229,0
203177,0
172748,0
169173,0
56293,0
31457,0
216679,0
100965,0
183477,0
171707,0
137534,0
116302,0
148612,0
48870,0
151364,0
188843,0
43369,0
191677,0
149894,0
78177,0
148922,0
120663,0
147341,0
95231,0
160370,0
95864,0
60249,0
156457,0
137392,0
173020,0
85184,0
72772,0
126621,0
91628,0
156318,0
162315,0
201790,0
148534,0
56284,0
185468,0
142828,0
153394,0
119718,0
195040,0
130191,0
104113,0
57453,0
206009,0
77228,0
143354,0
93290,0
219612,0
209015,0
76106,0
192475,0
204502,0
210647,0
79528,0
115162,0
22935,0
101487,0
134862,0
157592,0
35118,0
167906,0
67378,0
134057,0
204047,0
171109,0
50974,0
137927,0
41368,0
178652,0
93078,0
204791,0
29074,0
205958,0
207846,0
140285,0
89044,0
193176,0
139712,0
216922,0
92659,0
46741,0
203330,0
55629,0
155285,0
126737,0
135261,0
123256,0
146782,0
203703,0
30830,0
91196,0
24460,0
176325,0
95911,0
175005,0
68253,0
195310,0
147923,0
105327,0
148630,0
168571,0
191394,0
145771,0
179533,0
143804,0
166898,0
51267,0
94621,0
167751,0
213164,0
209370,0
40012,0
143122,0
27187,0
147716,0
214391,0
128745,0
124471,0
212311,0
210764,0
84718,0
137037,0
150923,0
129106,0
168562,0
142930,0
151928,0
45115,0
124912,0
176051,0
197326,0
105219,0
57374,0
20370,0
172393,0
207280,0
108434,0
147702,0
104572,0
119368,0
203664,0
27372,0
153692,0
39121,0
92586,0
189141,0
212890,0
33861,0
46964,0
93530,0
129346,0
43246,0
137931,0
41827,0
149171,0
113366,0
41269,0
161144,0
121371,0
49447,0
185469,0
105843,0
215990,0
162381,0
65817,0
175178,0
68812,0
125682,0
208083,0
160205,0
112110,0
123776,0
85709,0
174882,0
60860,0
206108,0
34006,0
46279,0
134187,0
144468,0
58964,0
171106,0
212901,0
149099,0
167846,0
196653,0
210348,0
26059,0
138024,0
109424,0
29387,0
111339,0
50216,0
114763,0
193113,0
53980,0
181141,0
160401,0
50121,0
28254,0
143186,0
148552,0
192270,0
93612,0
84643,0
38479,0
164118,0
110070,0
207794,0
61860,0
153701,0
55562,0
175037,0
88827,0
127727,0
133409,0
93761,0
94054,0
203828,0
90894,0
42655,0
26211,0
198669,0
206712,0
98145,0
86374,0
110650,0
117598,0
26450,0
163490,0
174785,0
131453,0
214742,0
211541,0
85993,0
23181,0
98398,0
174750,0
83312,0
91358,0
39215,0
167453,0
63914,0
162461,0
165297,0
38230,0
62510,0
185254,0
206861,0
167870,0
47165,0
137219,0
91723,0
72107,0
93466,0
47262,0
61036,0
86443,0
65552,0
170425,0
88658,0
52840,0
73849,0
110388,0
54403,0
39737,0
172675,0
78639,0
133678,0
163244,0
22928,0
165723,0
218782,0
149929,0
59224,0
205505,0
105362,0
190781,0
63074,0
158091,0
180570,0
194090,0
30439,0
96146,0
119025,0
66573,0
81619,0
98278,0
178546,0
69015,0
181063,0
171598,0
51056,0
117841,0
121593,0
45358,0
22217,0
125507,0
101019,0
208907,0
151208,0
49823,0
152493,0
219375,0
218500,0
53624,0
193243,0
33287,0
69776,0
84232,0
37887,0
125631,0
163272,0
65346,0
61629,0
174706,0
40348,0
54146,0
141732,0
57381,0
188824,0
80346,0
27913,0
56275,0
213141,0
50483,0
159329,0
60337,0
86758,0
56234,0
40934,0
119859,0
66570,0
85393,0
209758,0
173137,0
153252,0
115025,0
97386,0
48011,0
102580,0
217531,0
63072,0
41240,0
138519,0
159435,0
167648,0
136955,0
129505,0
28723,0
47067,0
99519,0
201845,0
101777,0
122399,0
135838,0
151212,0
29699,0
81022,0
90369,0
183376,0
180567,0
100176,0
216200,0
181087,0
135855,0
135246,0
59504,0
207032,0
163826,0
123414,0
117029,0
216382,0
134767,0
65292,0
171990,0
94136,0
49520,0
187007,0
185941,0
162802,0
114493,0
149734,0
113765,0
89478,0
97946,0
216052,0
108087,0
182080,0
72357,0
139754,0
55185,0
128276,0
108518,0
86540,0
129935,0
195758,0
114420,0
31434,0
143004,0
61546,0
37265,0
186879,0
81025,0
159962,0
152878,0
155099,0
22553,0
103178,0
195944,0
146767,0
183413,0
183098,0
109469,0
138417,0
184947,0
123996,0
72372,0
82880,0
59370,0
138225,0
191095,0
193732,0
103893,0
205468,0
193592,0
175412,0
99562,0
60534,0
158636,0
54517,0
127646,0
217828,0
50488,0
76639,0
166429,0
79919,0
195033,0
152537,0
24772,0
210079,0
112941,0
103782,0
63215,0
186259,0
46107,0
209137,0
150709,0
171020,0
29629,0
101860,0
80891,0
85551,0
87235,0
86189,0
107589,0
195668,0
177499,0
164420,0
101081,0
66909,0
154575,0
31462,0
71373,0
63020,0
194021,0
64311,0
219507,0
45748,0
72089,0
207640,0
100658,0
67990,0
156269,0
172543,0
105080,0
41556,0
57908,0
158264,0
143515,0
142353,0
32258,0
160314,0
157333,0
136499,0
95999,0
114348,0
38712,0
188549,0
88823,0
145354,0
107960,0
20494,0
85275,0
201913,0
59917,0
157114,0
156487,0
37123,0
35544,0
23076,0
45046,0
85323,0
212658,0
83611,0
140752,0
191135,0
121962,0
42980,0
207452,0
183371,0
162322,0
173770,0
55666,0
62428,0
168740,0
61146,0
104037,0
172858,0
57365,0
130243,0
183374,0
51566,0
64358,0
210939,0
105776,0
162631,0
180636,0
153553,0
91504,0
50296,0
177473,0
144934,0
108380,0
83930,0
75618,0
117833,0
205131,0
130288,0
133092,0
119752,0
49885,0
169042,0
195262,0
40723,0
72271,0
22714,0
54535,0
169349,0
86431,0
201326,0
155757,0
161615,0
202004,0
210638,0
42194,0
200536,0
49296,0
22648,0
63086,0
25447,0
57995,0
96832,0
157900,0
188404,0
206552,0
56178,0
146138,0
218300,0
40436,0
32024,0
80973,0
63949,0
206784,0
117006,0
213951,0
218789,0
55334,0
218079,0
77707,0
108861,0
33244,0
121714,0
212236,0
167268,0
149838,0
121208,0
32766,0
70234,0
33418,0
185143,0
141373,0
29745,0
82907,0
48519,0
205823,0
77625,0
94695,0
81608,0
79074,0
108250,0
217927,0
79335,0
208754,0
150571,0
32277,0
215310,0
207474,0
116918,0
162437,0
77927,0
204789,0
209225,0
189696,0
209950,0
195653,0
183902,0
190116,0
191425,0
40616,0
25001,0
75510,0
34643,0
164854,0
68072,0
105529,0
84438,0
89760,0
85110,0
120013,0
21888,0
160459,0
207912,0
162863,0
195374,0
196419,0
40359,0
166037,0
30868,0
165497,0
130127,0
22408,0
141082,0
28102,0
75563,0
151465,0
182221,0
34075,0
143131,0
171489,0
39490,0
140746,0
68972,0
126905,0
21029,0
132002,0
135354,0
184438,0
70929,0
160400,0
164008,0
47896,0
148277,0
102029,0
123453,0
104158,0
104350,0
65734,0
85520,0
117953,0
174504,0
32459,0
52170,0
142754,0
70604,0
76726,0
175591,0
22084,0
163389,0
143523,0
191397,0
50379,0
153679,0
38037,0
66390,0
40379,0
174723,0
52107,0
55930,0
103890,0
192281,0
71762,0
33263,0
182191,0
125319,0
212548,0
139339,0
61866,0
139659,0
83677,0
43012,0
57890,0
134422,0
169611,0
79877,0
149102,0
197394,0
44089,0
157604,0
96767,0
124329,0
207283,0
186374,0
86051,0
215623,0
138426,0
154420,0
128166,0
79524,0
65192,0
52978,0
44263,0
44271,0
128890,0
50574,0
191342,0
168192,0
168835,0
174529,0
84225,0
156204,0
39556,0
150756,0
214226,0
163947,0
156953,0
45728,0
160232,0
57707,0
131445,0
204310,0
192115,0
131323,0
105202,0
91527,0
96740,0
173421,0
168337,0
21455,0
77179,0
44388,0
142898,0
144929,0
184671,0
189082,0
93176,0
156984,0
165332,0
161828,0
70691,0
117072,0
67236,0
125513,0
102398,0
186668,0
160990,0
148597,0
57839,0
194794,0
27789,0
170027,0
152660,0
99693,0
134788,0
83591,0
41098,0
72196,0
193970,0
163137,0
100196,0
53686,0
70328,0
216547,0
139574,0
91653,0
115105,0
129308,0
187886,0
59935,0
52360,0
47329,0
200047,0
99782,0
160861,0
107918,0
53779,0
85273,0
32707,0
156187,0
88660,0
146828,0
72056,0
65071,0
212709,0
102454,0
73836,0
91391,0
174168,0
160276,0
59908,0
89242,0
201704,0
29692,0
72859,0
179077,0
127142,0
172481,0
20404,0
210101,0
143686,0
188222,0
216248,0
40403,0
46657,0
28487,0
38724,0
114731,0
155745,0
33961,0
143320,0
194697,0
109193,0
75373,0
172978,0
76488,0
208758,0
218170,0
63576,0
165611,0
92347,0
166838,0
101760,0
38797,0
61721,0
201288,0
169927,0
164513,0
218149,0
134250,0
39226,0
185264,0
212138,0
201119,0
126652,0
46985,0
44616,0
54811,0
163214,0
102199,0
93564,0
101713,0
129718,0
173683,0
56200,0
100490,0
213606,0
79812,0
124014,0
42259,0
158823,0
193144,0
190494,0
217870,0
107155,0
36393,0
153371,0
34316,0
167774,0
207928,0
206152,0
210486,0
70466,0
183104,0
216755,0
177694,0
201244,0
139299,0
101471,0
136192,0
74866,0
189538,0
137316,0
194245,0
120843,0
111796,0
77967,0
109653,0
105596,0
89028,0
142697,0
71333,0
187524,0
204089,0
32152,0
27226,0
207467,0
218632,0
132182,0
110301,0
167883,0
110808,0
38760,0
174568,0
55159,0
209891,0
149624,0
204440,0
117932,0
166952,0
213785,0
39402,0
21708,0
63143,0
135024,0
75750,0
205996,0
130651,0
110845,0
51868,0
218486,0
27343,0
211116,0
129868,0
29643,0
119369,0
185509,0
211316,0
100057,0
101835,0
88930,0
87353,0
70317,0
178843,0
51559,0
30242,0
217863,0
46268,0
160615,0
110985,0
118691,0
22575,0
190889,0
64589,0
215817,0
93276,0
189312,0
27652,0
57510,0
160935,0
61544,0
26843,0
191170,0
195535,0
173040,0
141994,0
196079,0
134219,0
83538,0
97776,0
187063,0
99878,0
168180,0
110731,0
48381,0
138830,0
28566,0
131698,0
180085,0
172115,0
216642,0
59603,0
137909,0
29428,0
169201,0
54312,0
23221,0
130006,0
188387,0
35273,0
36080,0
72021,0
198908,0
199943,0
30567,0
79860,0
20772,0
125396,0
170382,0
210840,0
167436,0
179534,0
206181,0
52726,0
175292,0
215309,0
194711,0
73878,0
105822,0
39932,0
105722,0
46897,0
97112,0
79301,0
69730,0
50552,0
204831,0
40689,0
23296,0
98980,0
131795,0
81391,0
125074,0
53798,0
106547,0
159513,0
219849,0
199472,0
134564,0
42780,0
179424,0
50598,0
191671,0
190205,0
200276,0
63045,0
166045,0
206063,0
80709,0
43979,0
134831,0
62908,0
116312,0
147510,0
208760,0
219263,0
114292,0
132976,0
133140,0
84976,0
62247,0
148589,0
158004,0
96509,0
89666,0
66362,0
208116,0
149268,0
153652,0
138224,0
217665,0
219172,0
208248,0
113025,0
187342,0
68147,0
186231,0
138619,0
27305,0
35496,0
152889,0
45274,0
131435,0
131021,0
219823,0
204758,0
156007,0
23426,0
125849,0
140313,0
29489,0
21803,0
35506,0
85065,0
159626,0
111043,0
219433,0
26214,0
66094,0
42347,0
67447,0
164472,0
47446,0
125016,0
73584,0
136346,0
21110,0
40794,0
128302,0
184658,0
112791,0
187765,0
66070,0
120233,0
200872,0
82871,0
123675,0
51075,0
45337,0
84168,0
98124,0
88064,0
85039,0
200980,0
107440,0
92365,0
178236,0
163175,0
58035,0
23246,0
65150,0
41566,0
64172,0
140273,0
140768,0
83509,0
206993,0
108011,0
88830,0
66688,0
117322,0
85214,0
111133,0
37856,0
204625,0
114209,0
114993,0
133847,0
20610,0
26462,0
101873,0
130871,0
120613,0
77492,0
43293,0
186836,0
66005,0
198879,0
180510,0
71001,0
152736,0
20925,0
85389,0
184406,0
137977,0
127145,0
167060,0
67173,0
52766,0
190627,0
156442,0
186469,0
172994,0
209083,0
58631,0
107677,0
115588,0
68823,0
83339,0
165479,0
53807,0
117087,0
161516,0
191618,0
92668,0
216336,0
41528,0
160218,0
128415,0
168659,0
37198,0
178121,0
120892,0
104085,0
24423,0
111475,0
112793,0
114986,0
111717,0
157888,0
184842,0
49409,0
123063,0
83427,0
48064,0
93738,0
27918,0
201698,0
88771,0
154713,0
29976,0
81539,0
197413,0
153540,0
89654,0
85563,0
172831,0
200752,0
74725,0
210134,0
176726,0
129722,0
59875,0
192321,0
144980,0
58477,0
209709,0
149020,0
217315,0
200288,0
99728,0
186943,0
216535,0
42495,0
135236,0
123096,0
45030,0
65247,0
50002,0
152719,0
24962,0
176721,0
60017,0
128648,0
129528,0
212382,0
99210,0
146303,0
86605,0
43663,0
123203,0
177915,0
78277,0
89228,0
201055,0
157177,0
179873,0
85794,0
45288,0
197228,0
126953,0
55720,0
161437,0
120798,0
57545,0
191272,0
89855,0
138825,0
44840,0
26718,0
135860,0
79805,0
30495,0
123218,0
189909,0
197055,0
23341,0
164761,0
88783,0
126593,0
133719,0
126606,0
97057,0
117580,0
204403,0
102271,0
216228,0
202295,0
197474,0
56157,0
106010,0
28067,0
112738,0
49331,0
28379,0
198873,0
177431,0
206828,0
92146,0
190178,0
71120,0
94464,0
48060,0
59255,0
211389,0
42885,0
175649,0
208552,0
175677,0
32486,0
44957,0
24656,0
192805,0
130218,0
78360,0
36684,0
49911,0
98021,0
170262,0
180904,0
194881,0
216013,0
33248,0
81972,0
194326,0
180092,0
178454,0
99905,0
178135,0
31996,0
168771,0
130998,0
38716,0
199349,0
117246,0
26750,0
51366,0
196373,0
111634,0
219041,0
178542,0
52476,0
164779,0
194703,0
192968,0
72439,0
70625,0
43448,0
22782,0
62757,0
155654,0
152764,0
154785,0
103662,0
83092,0
172386,0
25759,0
34336,0
179651,0
154522,0
48613,0
219264,0
45568,0
170645,0
33915,0
58900,0
32503,0
21409,0
71153,0
198356,0
84117,0
46220,0
142123,0
88666,0
45934,0
148739,0
77458,0
182013,0
51720,0
79422,0
127459,0
26489,0
218484,0
129325,0
133199,0
98923,0
131731,0
139657,0
216153,0
36639,0
202372,0
108488,0
153632,0
97085,0
123169,0
145756,0
60413,0
184532,0
134911,0
99357,0
156577,0
163837,0
203155,0
87858,0
193448,0
216122,0
144505,0
104283,0
197243,0
58385,0
31986,0
21621,0
183915,0
151231,0
140491,0
40086,0
95614,0
202005,0
187125,0
199515,0
161920,0
177232,0
137996,0
84433,0
99613,0
110438,0
163287,0
182323,0
175003,0
56555,0
44347,0
122855,0
142746,0
59799,0
209945,0
62010,0
190145,0
56867,0
165349,0
147287,0
65901,0
211213,0
133874,0
87733,0
25873,0
31421,0
189648,0
106796,0
212082,0
98415,0
191377,0
125845,0
184205,0
196668,0
160063,0
66927,0
176878,0
76675,0
152168,0
198410,0
218623,0
75551,0
211862,0
194804,0
87766,0
174494,0
118726,0
101449,0
143375,0
26981,0
79925,0
130695,0
182164,0
176830,0
107710,0
67255,0
142427,0
60550,0
143832,0
87683,0
75614,0
29292,0
90907,0
199105,0
80964,0
193879,0
89187,0
210798,0
195565,0
83672,0
183268,0
93021,0
97558,0
53468,0
165004,0
76187,0
143827,0
98321,0
102351,0
44472,0
141100,0
123242,0
86555,0
152668,0
125200,0
101972,0
42359,0
218770,0
86925,0
93665,0
133519,0
103248,0
31470,0
31277,0
131900,0
150639,0
160856,0
35614,0
162419,0
119116,0
80033,0
96046,0
123794,0
182559,0
210211,0
143112,0
182837,0
72673,0
216591,0
208829,0
88009,0
201528,0
108411,0
25693,0
217057,0
124261,0
175446,0
196212,0
194332,0
108922,0
179698,0
32388,0
180764,0
41751,0
147775,0
203741,0
114877,0
188850,0
130769,0
117384,0
64865,0
157650,0
198245,0
31458,0
22892,0
133419,0
118135,0
118703,0
58539,0
77802,0
196594,0
73542,0
44234,0
196529,0
185646,0
202477,0
98277,0
54843,0
104081,0
207773,0
198869,0
198333,0
200869,0
43014,0
179567,0
121250,0
67456,0
135165,0
152351,0
196260,0
93685,0
64635,0
218511,0
98361,0
98985,0
219960,0
134323,0
85871,0
31502,0
158511,0
184726,0
213229,0
173415,0
74512,0
42461,0
149657,0
30697,0
123556,0
121090,0
116730,0
165183,0
200637,0
189360,0
199557,0
197414,0
184999,0
119080,0
212200,0
194167,0
182311,0
117339,0
164497,0
141718,0
172041,0
99086,0
176967,0
94534,0
43395,0
67187,0
113265,0
31065,0
179206,0
167795,0
185569,0
218765,0
43968,0
71085,0
61297,0
20518,0
177839,0
49326,0
71827,0
144522,0
149917,0
158350,0
118544,0
151734,0
214484,0
89561,0
123372,0
104243,0
92097,0
22468,0
146012,0
195797,0
24593,0
41225,0
168160,0
119990,0
158846,0
138364,0
158062,0
185983,0
98978,0
185431,0
70067,0
190435,0
116308,0
40756,0
121107,0
43611,0
24150,0
205534,0
215619,0
179599,0
89532,0
50494,0
110713,0
154497,0
136463,0
188103,0
56844,0
112096,0
66514,0
79619,0
137282,0
181826,0
211362,0
130289,0
59611,0
199933,0
81876,0
188593,0
193246,0
108392,0
67310,0
168089,0
94936,0
165754,0
137950,0
104245,0
216144,0
164999,0
42799,0
138277,0
193421,0
166071,0
96182,0
145707,0
94729,0
42766,0
120724,0
89824,0
187935,0
95786,0
214205,0
166840,0
129947,0
55603,0
147922,0
98757,0
178484,0
29657,0
31937,0
172807,0
200223,0
143690,0
185989,0
85605,0
173797,0
48112,0
101843,0
149355,0
145377,0
219764,0
84122,0
186659,0
54113,0
81948,0
35901,0
55170,0
167693,0
22052,0
80554,0
94249,0
62571,0
131065,0
123089,0
171214,0
30475,0
61251,0
196420,0
56316,0
80294,0
178419,0
218945,0
44908,0
33397,0
24196,0
183041,0
150782,0
53244,0
115390,0
31147,0
45060,0
68154,0
77834,0
43487,0
188502,0
50466,0
167248,0
83633,0
109870,0
117625,0
164451,0
158082,0
187610,0
205132,0
206411,0
110752,0
218223,0
125068,0
60463,0
75635,0
40895,0
171064,0
137384,0
149116,0
29570,0
21644,0
100452,0
21170,0
140689,0
67678,0
49489,0
162350,0
60336,0
145463,0
83589,0
87693,0
103087,0
92043,0
213112,0
194076,0
161382,0
209549,0
77446,0
62080,0
219765,0
67423,0
120270,0
206905,0
86503,0
50729,0
151327,0
100530,0
51661,0
120980,0
159106,0
157995,0
213917,0
109729,0
55171,0
164156,0
159353,0
59456,0
172545,0
150181,0
73038,0
47451,0
97581,0
38826,0
200573,0
134949,0
173459,0
44717,0
181218,0
43549,0
148105,0
197281,0
93259,0
109292,0
149691,0
202471,0
155459,0
114716,0
130153,0
27112,0
29748,0
92440,0
53458,0
162498,0
214667,0
98900,0
139096,0
85815,0
180030,0
129158,0
150215,0
192549,0
93536,0
137636,0
201675,0
20247,0
33845,0
42572,0
156330,0
212004,0
43216,0
94677,0
130760,0
23418,0
21540,0
48903,0
132125,0
31814,0
179121,0
173406,0
35065,0
78109,0
211497,0
46156,0
94106,0
68011,0
184566,0
74928,0
77007,0
62171,0
154058,0
96409,0
202936,0
166417,0
155396,0
127976,0
28815,0
66158,0
184236,0
59046,0
83532,0
46115,0
160693,0
60647,0
198379,0
139007,0
61655,0
113579,0
102203,0
22939,0
40746,0
207231,0
51917,0
136771,0
47294,0
210370,0
128812,0
191071,0
114268,0
70204,0
166509,0
43236,0
37539,0
32143,0
96515,0
177937,0
161466,0
30075,0
31739,0
141041,0
70873,0
105015,0
139478,0
219175,0
171270,0
112641,0
51694,0
190816,0
105779,0
84463,0
125262,0
23525,0
166381,0
134505,0
127695,0
48159,0
32840,0
144555,0
118600,0
59318,0
68955,0
116078,0
61650,0
76310,0
149561,0
128076,0
203720,0
101702,0
114429,0
200243,0
98287,0
154164,0
122684,0
64818,0
153170,0
164945,0
206833,0
205876,0
129102,0
78588,0
124952,0
110857,0
143023,0
119542,0
187934,0
154148,0
210863,0
161293,0
126653,0
202709,0
192760,0
154421,0
67478,0
52392,0
109318,0
133516,0
44296,0
180742,0
151900,0
51569,0
217816,0
74891,0
206704,0
136103,0
82015,0
46572,0
216508,0
88172,0
207589,0
77167,0
106101,0
40491,0
197301,0
150840,0
70355,0
22469,0
218167,0
92263,0
171149,0
110084,0
166561,0
112123,0
30301,0
135577,0
165450,0
206221,0
107490,0
159017,0
188794,0
46415,0
56451,0
61101,0
45852,0
84649,0
89285,0
36803,0
161025,0
194004,0
100816,0
34773,0
163954,0
30614,0
214544,0
86376,0
41075,0
129423,0
189660,0
50818,0
145235,0
109446,0
137620,0
110004,0
125489,0
160624,0
205757,0
143380,0
132512,0
156610,0
190728,0
120754,0
75100,0
123300,0
51116,0
50635,0
35512,0
66843,0
61200,0
39918,0
190235,0
166573,0
39904,0
146002,0
117715,0
213911,0
58728,0
30923,0
78891,0
97095,0
43458,0
51606,0
107898,0
179452,0
183606,0
211792,0
185749,0
86586,0
200450,0
54602,0
211056,0
50501,0
169613,0
159441,0
20502,0
80049,0
108750,0
50157,0
68698,0
139553,0
153388,0
177765,0
52616,0
61494,0
198430,0
88641,0
26374,0
112024,0
135143,0
29597,0
209416,0
66834,0
126928,0
65983,0
52585,0
165582,0
127242,0
212699,0
36655,0
128393,0
33826,0
210603,0
76834,0
83420,0
106661,0
141013,0
184385,0
58967,0
24984,0
48999,0
139254,0
66597,0
89258,0
112030,0
173877,0
41536,0
80370,0
79600,0
182457,0
151879,0
75794,0
137480,0
32653,0
26494,0
174585,0
160292,0
81781,0
212254,0
95460,0
122779,0
197142,0
54706,0
137049,0
115991,0
124649,0
194233,0
144251,0
93736,0
196876,0
93435,0
167635,0
94422,0
213862,0
195123,0
102927,0
215364,0
162301,0
30465,0
48908,0
164581,0
65790,0
197643,0
153791,0
79159,0
52457,0
21687,0
191315,0
148523,0
116427,0
130642,0
137782,0
172193,0
44027,0
204091,0
115942,0
67118,0
54638,0
98703,0
90669,0
195692,0
52690,0
92206,0
218132,0
80747,0
190719,0
215272,0
121594,0
191654,0
78022,0
173918,0
125754,0
120162,0
65362,0
199027,0
208714,0
137013,0
145735,0
45467,0
67874,0
119310,0
109187,0
95096,0
186171,0
103991,0
99682,0
145186,0
84071,0
52894,0
171442,0
145434,0
64292,0
57239,0
47977,0
55001,0
163904,0
176695,0
198946,0
72949,0
96258,0
190333,0
98564,0
58870,0
165795,0
81458,0
194976,0
114793,0
59406,0
196743,0
34651,0
44993,0
154535,0
166525,0
197843,0
82985,0
63577,0
100187,0
114175,0
170126,0
200805,0
167362,0
189044,0
104870,0
126665,0
162606,0
115113,0
100691,0
109708,0
101148,0
183986,0
195957,0
38795,0
43437,0
78206,0
138651,0
99435,0
200296,0
197793,0
97480,0
28418,0
202831,0
144338,0
54337,0
147781,0
142752,0
201153,0
130763,0
219062,0
57991,0
188069,0
198452,0
125859,0
81952,0
107437,0
92854,0
91079,0
127239,0
164326,0
21007,0
88745,0
127392,0
98933,0
164076,0
155179,0
131027,0
90553,0
156345,0
132077,0
53148,0
160986,0
114900,0
72263,0
65535,0
26410,0
88179,0
194827,0
27504,0
55257,0
60943,0
207866,0
73744,0
193023,0
65524,0
45026,0
56019,0
80732,0
143052,0
174145,0
197961,0
141372,0
154301,0
45981,0
205319,0
146095,0
61760,0
89626,0
124937,0
122691,0
93166,0
146612,0
179797,0
29532,0
168985,0
149686,0
198146,0
179937,0
42929,0
164364,0
113643,0
114771,0
217710,0
28746,0
77109,0
68783,0
27748,0
28667,0
211704,0
102956,0
67126,0
152863,0
199410,0
36125,0
142535,0
83262,0
217458,0
153053,0
130333,0
195881,0
209396,0
76676,0
204348,0
67046,0
128805,0
139304,0
185435,0
30368,0
78654,0
179299,0
52117,0
162051,0
99664,0
47295,0
197031,0
166440,0
46045,0
68852,0
106891,0
197866,0
167185,0
149009,0
145808,0
124992,0
39458,0
77227,0
49799,0
212977,0
149306,0
72038,0
75747,0
186925,0
209270,0
112594,0
58428,0
206011,0
38455,0
54624,0
125341,0
25261,0
50111,0
57527,0
127050,0
149628,0
214613,0
79704,0
144579,0
169961,0
179510,0
50901,0
141895,0
41529,0
39604,0
171991,0
85246,0
215553,0
175716,0
183564,0
179418,0
107453,0
169406,0
164188,0
42383,0
28986,0
138931,0
154011,0
151365,0
125490,0
192745,0
80556,0
211744,0
115094,0
36838,0
101497,0
86334,0
112059,0
130049,0
101188,0
153873,0
143191,0
146518,0
143043,0
219722,0
104296,0
138669,0
102524,0
153503,0
92261,0
214266,0
69459,0
93830,0
219370,0
115788,0
158727,0
201018,0
162678,0
90620,0
85116,0
160838,0
188160,0
44827,0
163704,0
28241,0
120787,0
84978,0
70833,0
97864,0
24845,0
205704,0
219482,0
168137,0
21011,0
20403,0
57261,0
135924,0
140469,0
123280,0
26673,0
78130,0
21207,0
195970,0
108749,0
32405,0
131767,0
27696,0
199134,0
95897,0
208420,0
143850,0
66484,0
71739,0
109658,0
70884,0
140596,0
166828,0
198875,0
62344,0
179922,0
212258,0
212222,0
23018,0
124842,0
190666,0
149373,0
87036,0
161666,0
40552,0
110032,0
31942,0
170422,0
214021,0
217383,0
23431,0
80051,0
154130,0
26131,0
99508,0
71807,0
200775,0
112468,0
102882,0
199745,0
58082,0
136276,0
90804,0
192763,0
70652,0
113611,0
32796,0
184752,0
192530,0
154089,0
84040,0
139439,0
165743,0
203110,0
146823,0
127187,0
79405,0
107142,0
59954,0
165423,0
80465,0
131104,0
109594,0
176092,0
104046,0
209710,0
34327,0
200795,0
103013,0
26105,0
66073,0
148341,0
54839,0
196059,0
179302,0
197149,0
195734,0
102471,0
46725,0
150774,0
26290,0
47512,0
118222,0
56791,0
190460,0
192501,0
124197,0
187438,0
188147,0
20572,0
98834,0
146033,0
21542,0
59737,0
68681,0
101411,0
49860,0
109782,0
158978,0
101205,0
69480,0
26962,0
135973,0
207070,0
32748,0
201988,0
25621,0
183707,0
40917,0
160490,0
193626,0
38637,0
48004,0
48028,0
74622,0
211222,0
63925,0
156592,0
132546,0
32911,0
44475,0
157910,0
154502,0
84698,0
116013,0
65193,0
54952,0
93448,0
71679,0
162987,0
96563,0
198283,0
70036,0
57104,0
194841,0
113077,0
216657,0
48359,0
103222,0
79746,0
73252,0
69338,0
115125,0
34696,0
189215,0
145142,0
114753,0
173665,0
73534,0
78914,0
150778,0
170902,0
194489,0
207627,0
154858,0
216167,0
124007,0
34568,0
118887,0
169956,0
158202,0
219695,0
214254,0
188481,0
50297,0
204202,0
49535,0
110303,0
86575,0
73171,0
166769,0
192369,0
147595,0
189491,0
89393,0
131548,0
181104,0
36468,0
114515,0
70263,0
133396,0
186429,0
149909,0
115219,0
28564,0
104935,0
211778,0
154786,0
111741,0
109298,0
158669,0
177045,0
85603,0
42786,0
101694,0
137320,0
108300,0
42028,0
123870,0
112117,0
29055,0
147200,0
142141,0
80949,0
38202,0
103175,0
166583,0
84563,0
162893,0
190584,0
119830,0
205816,0
186153,0
90822,0
92859,0
104055,0
108307,0
89784,0
215718,0
184321,0
185573,0
171782,0
217796,0
201964,0
87666,0
137264,0
132956,0
33463,0
58683,0
179460,0
81204,0
169639,0
141287,0
44087,0
203576,0
109999,0
218200,0
111591,0
198033,0
131556,0
144500,0
172270,0
170989,0
189051,0
203687,0
146080,0
73164,0
79897,0
169954,0
178987,0
34787,0
145930,0
204488,0
121222,0
44734,0
28840,0
169094,0
62925,0
198943,0
147664,0
71664,0
51562,0
130211,0
199501,0
217629,0
155394,0
91032,0
132749,0
159393,0
151932,0
68817,0
160880,0
65067,0
213199,0
34307,0
108575,0
43357,0
172837,0
126321,0
183926,0
149801,0
199020,0
113117,0
108952,0
211447,0
30535,0
129930,0
133255,0
159591,0
76163,0
96630,0
64406,0
68864,0
208382,0
67409,0
43724,0
93662,0
51822,0
48857,0
219690,0
139126,0
83133,0
64666,0
120542,0
65035,0
68013,0
162075,0
68970,0
37691,0
176682,0
110181,0
135677,0
142022,0
180271,0
143725,0
212853,0
194514,0
94273,0
51575,0
28968,0
64726,0
27331,0
187508,0
26735,0
20895,0
168108,0
27672,0
72800,0
142479,0
181857,0
73397,0
78894,0
200427,0
32652,0
196344,0
159381,0
75952,0
33092,0
125258,0
208219,0
199193,0
118778,0
46017,0
58724,0
108026,0
124004,0
103790,0
155932,0
103985,0
122859,0
92809,0
51389,0
80400,0
216800,0
92458,0
193463,0
94928,0
194603,0
156635,0
118927,0
157461,0
82773,0
28788,0
30731,0
80838,0
45909,0
207911,0
64265,0
32069,0
73126,0
206680,0
120268,0
180237,0
36959,0
33736,0
132190,0
203080,0
40421,0
73884,0
180901,0
198659,0
92575,0
138348,0
142614,0
211331,0
80342,0
60430,0
83275,0
145931,0
69524,0
70666,0
167372,0
105932,0
153258,0
204834,0
186894,0
161394,0
137499,0
110547,0
26693,0
87085,0
208236,0
40961,0
88247,0
167855,0
43784,0
61020,0
108073,0
178329,0
112516,0
127165,0
162402,0
212074,0
47621,0
141310,0
193928,0
196421,0
145260,0
45831,0
133180,0
202705,0
154878,0
78785,0
159875,0
35067,0
23693,0
108494,0
48309,0
47736,0
111001,0
32904,0
196649,0
63940,0
119464,0
183345,0
161417,0
122294,0
21799,0
108432,0
91514,0
52912,0
131724,0
180931,0
160585,0
51189,0
207477,0
142198,0
181518,0
172034,0
111791,0
136141,0
73872,0
197382,0
206672,0
181489,0
56892,0
171322,0
51992,0
76374,0
50664,0
128768,0
127642,0
40678,0
60863,0
61341,0
96972,0
73070,0
165612,0
36656,0
20603,0
36608,0
29084,0
47342,0
39435,0
209727,0
210270,0
144386,0
141086,0
74223,0
172565,0
40953,0
91998,0
164329,0
218569,0
215899,0
28325,0
177203,0
64140,0
70088,0
164226,0
141102,0
209366,0
118891,0
199002,0
87268,0
201424,0
79479,0
126566,0
123194,0
78896,0
113339,0
42117,0
152739,0
134143,0
154320,0
41393,0
179202,0
162534,0
189550,0
202221,0
145397,0
145661,0
183052,0
50723,0
77251,0
57792,0
148363,0
112118,0
215602,0
176524,0
108622,0
218254,0
158234,0
63894,0
92509,0
71597,0
27959,0
114305,0
109805,0
108412,0
49323,0
172408,0
156325,0
35915,0
215442,0
53156,0
152104,0
171658,0
60156,0
70064,0
155506,0
85693,0
21403,0
36420,0
184008,0
34451,0
147278,0
91233,0
81552,0
99661,0
216851,0
94834,0
193010,0
53931,0
92031,0
178318,0
149414,0
78501,0
86981,0
63752,0
63003,0
21919,0
56249,0
156683,0
122710,0
89162,0
74294,0
95419,0
79305,0
134832,0
64416,0
150430,0
104964,0
156879,0
127246,0
20571,0
187196,0
69048,0
204307,0
156140,0
204705,0
158535,0
20406,0
25871,0
117754,0
204616,0
65342,0
80183,0
55795,0
135289,0
160208,0
136964,0
105256,0
27158,0
61733,0
27255,0
134199,0
169811,0
214876,0
73938,0
113755,0
76506,0
216432,0
44404,0
64399,0
120457,0
46980,0
117027,0
65105,0
194209,0
32548,0
78316,0
147697,0
51100,0
133217,0
68977,0
165660,0
84356,0
34639,0
129434,0
35370,0
143386,0
179944,0
99686,0
165867,0
25253,0
53427,0
20329,0
102473,0
74858,0
151896,0
216044,0
90914,0
133346,0
165555,0
124199,0
172853,0
181460,0
137593,0
74478,0
77860,0
54368,0
161791,0
130499,0
203112,0
145790,0
176081,0
219774,0
98952,0
185643,0
72968,0
181131,0
38420,0
61569,0
69229,0
78677,0
73366,0
69234,0
195810,0
196350,0
20809,0
212310,0
183314,0
196841,0
104653,0
114934,0
135666,0
210289,0
206831,0
206328,0
219087,0
204921,0
127313,0
103347,0
216939,0
107676,0
53474,0
168240,0
69947,0
79862,0
52568,0
203091,0
60578,0
208407,0
28727,0
212040,0
165460,0
210614,0
57385,0
113880,0
46449,0
119178,0
157362,0
64112,0
48476,0
115362,0
139571,0
35401,0
201840,0
27960,0
48941,0
181036,0
191912,0
85802,0
90436,0
116476,0
65706,0
149365,0
58329,0
150739,0
90386,0
100989,0
94923,0
191040,0
64146,0
51032,0
201450,0
211092,0
84337,0
96309,0
182603,0
93258,0
101821,0
62155,0
193033,0
177313,0
147408,0
162069,0
170596,0
47957,0
169619,0
171813,0
126619,0
33972,0
203259,0
60991,0
77316,0
197187,0
142159,0
204716,0
95642,0
75212,0
130601,0
67798,0
136477,0
163340,0
86468,0
58614,0
137142,0
101483,0
28516,0
76141,0
28318,0
60384,0
97053,0
92655,0
124207,0
177459,0
111755,0
124487,0
137348,0
214169,0
38693,0
121291,0
95426,0
148788,0
136757,0
25663,0
35458,0
108093,0
57078,0
56471,0
108907,0
43202,0
197628,0
92233,0
177317,0
23380,0
45645,0
43931,0
218916,0
59383,0
61898,0
24514,0
28819,0
154477,0
105761,0
115042,0
94492,0
33349,0
201785,0
205715,0
23442,0
95439,0
208214,0
123284,0
30017,0
91966,0
118001,0
60661,0
123328,0
75979,0
143713,0
118701,0
95502,0
186103,0
55237,0
29434,0
190300,0
31923,0
62938,0
194734,0
159461,0
120742,0
35036,0
117995,0
126599,0
191794,0
139619,0
82845,0
24006,0
89415,0
20752,0
146403,0
149334,0
83936,0
200971,0
21274,0
152585,0
35886,0
58431,0
107803,0
98611,0
204942,0
57164,0
153073,0
123659,0
207605,0
200446,0
80005,0
130500,0
210997,0
169126,0
183939,0
85985,0
144140,0
160231,0
205978,0
39429,0
206550,0
105089,0
89814,0
142788,0
114212,0
172773,0
28152,0
141075,0
108514,0
193871,0
133523,0
93438,0
108871,0
102313,0
161542,0
117162,0
205424,0
129374,0
76192,0
121134,0
43636,0
64573,0
154822,0
172715,0
25668,0
82533,0
178201,0
69465,0
147564,0
75584,0
107633,0
67419,0
153640,0
22845,0
150072,0
134909,0
155108,0
204755,0
203460,0
75676,0
170176,0
181207,0
169584,0
34740,0
83602,0
107804,0
111929,0
116913,0
165108,0
172127,0
207363,0
39815,0
38011,0
191802,0
155588,0
216068,0
86104,0
180855,0
204461,0
189280,0
121727,0
79697,0
108858,0
124989,0
128123,0
154219,0
59516,0
21710,0
211841,0
43123,0
188854,0
55003,0
170948,0
22656,0
211482,0
194444,0
115714,0
115436,0
197706,0
217569,0
69487,0
25451,0
128587,0
173447,0
171248,0
88728,0
87718,0
39163,0
126756,0
115833,0
37514,0
194524,0
91883,0
69199,0
93298,0
22295,0
114898,0
124241,0
57949,0
46305,0
54911,0
126457,0
147951,0
182574,0
101381,0
78765,0
211780,0
188526,0
214956,0
30031,0
203935,0
39764,0
77539,0
44186,0
72718,0
134179,0
53918,0
184874,0
70173,0
206418,0
185578,0
212681,0
187372,0
66449,0
188988,0
154380,0
94832,0
149524,0
129554,0
22836,0
78797,0
193259,0
39457,0
32376,0
82258,0
25776,0
72370,0
170134,0
38901,0
70229,0
200429,0
134155,0
154954,0
50074,0
156584,0
54725,0
105957,0
150378,0
199135,0
129034,0
213111,0
30709,0
158013,0
51347,0
116160,0
65690,0
218833,0
35164,0
126889,0
161679,0
152432,0
41509,0
147122,0
140042,0
84221,0
60873,0
40649,0
192877,0
178753,0
132075,0
136041,0
161058,0
51959,0
159310,0
192184,0
54001,0
127711,0
20670,0
137924,0
73000,0
51456,0
197840,0
153019,0
170145,0
125096,0
165897,0
198505,0
124253,0
134956,0
164444,0
111279,0
124232,0
169727,0
160745,0
184725,0
151993,0
103748,0
134083,0
65431,0
37430,0
98865,0
210005,0
172027,0
97533,0
109351,0
208496,0
183232,0
129275,0
186145,0
139717,0
92337,0
159826,0
155165,0
33372,0
140544,0
73895,0
212348,0
34923,0
126641,0
100556,0
206433,0
130707,0
67715,0
199810,0
48802,0
199880,0
183771,0
165065,0
115684,0
214705,0
43939,0
32544,0
219002,0
70469,0
88250,0
176706,0
170274,0
113692,0
79932,0
98289,0
90865,0
28822,0
191726,0
36518,0
143813,0
89973,0
146052,0
94247,0
64760,0
141716,0
215541,0
54155,0
72761,0
219047,0
33269,0
49349,0
63405,0
167602,0
200646,0
110837,0
217137,0
199452,0
97132,0
218477,0
130973,0
31309,0
101530,0
167051,0
118362,0
185173,0
188148,0
79703,0
110488,0
177024,0
151009,0
51200,0
199199,0
161882,0
25614,0
122051,0
22866,0
211291,0
193297,0
202449,0
166302,0
84932,0
82047,0
38912,0
213084,0
86910,0
195507,0
189841,0
163798,0
151899,0
34835,0
189213,0
137701,0
170854,0
114640,0
32958,0
147191,0
195093,0
66260,0
91742,0
120992,0
143329,0
206131,0
99440,0
141729,0
89029,0
99214,0
51996,0
190470,0
148871,0
178430,0
207571,0
119793,0
193275,0
75867,0
151645,0
71458,0
113108,0
51792,0
208670,0
70844,0
82551,0
131597,0
71007,0
99461,0
155758,0
25746,0
84735,0
186809,0
57386,0
23406,0
59399,0
129793,0
77462,0
24599,0
118320,0
35292,0
195759,0
34257,0
126957,0
112403,0
35610,0
69600,0
217556,0
73462,0
72187,0
155981,0
49373,0
83637,0
192443,0
121155,0
202133,0
64515,0
174116,0
160452,0
88697,0
39804,0
92560,0
109657,0
208766,0
201989,0
92843,0
200666,0
195276,0
192533,0
191777,0
54303,0
83756,0
129589,0
76597,0
33681,0
110961,0
157678,0
139875,0
68198,0
46716,0
47888,0
165393,0
57052,0
49777,0
115540,0
71836,0
180854,0
208101,0
143345,0
128446,0
35789,0
119400,0
117403,0
122689,0
203063,0
172888,0
158671,0
200854,0
150660,0
116426,0
161533,0
161858,0
61782,0
43926,0
98388,0
81739,0
98560,0
148985,0
111982,0
111630,0
214899,0
70807,0
205509,0
175989,0
37118,0
133338,0
214873,0
205173,0
22078,0
207917,0
197600,0
81260,0
74064,0
186673,0
57163,0
142180,0
23545,0
192332,0
140172,0
34776,0
76326,0
124093,0
202774,0
165761,0
199379,0
146281,0
81921,0
98736,0
73596,0
54903,0
149950,0
155494,0
172822,0
33219,0
126470,0
47718,0
79815,0
189848,0
50879,0
154293,0
181635,0
213626,0
165094,0
30888,0
176035,0
157598,0
111010,0
21039,0
63167,0
54036,0
133326,0
91592,0
85601,0
211765,0
85536,0
194316,0
189398,0
171469,0
129456,0
75161,0
77993,0
40293,0
85510,0
74864,0
97699,0
166005,0
162515,0
193052,0
213409,0
219463,0
120446,0
208914,0
131519,0
29714,0
103722,0
20396,0
209210,0
124466,0
47231,0
150703,0
81200,0
149208,0
54502,0
60789,0
114067,0
131615,0
193040,0
121506,0
26927,0
59877,0
203228,0
202285,0
40140,0
41889,0
173180,0
210287,0
116468,0
129067,0
158074,0
164876,0
119894,0
87855,0
53080,0
156717,0
41746,0
121196,0
217355,0
126330,0
202194,0
136947,0
21794,0
138705,0
44433,0
215208,0
121597,0
196890,0
167671,0
110437,0
200181,0
27899,0
217544,0
174220,0
25311,0
218538,0
214270,0
71089,0
144197,0
183975,0
137414,0
26569,0
88459,0
47429,0
150784,0
96333,0
172415,0
174892,0
88667,0
194700,0
204109,0
40583,0
84000,0
174691,0
120120,0
186630,0
209158,0
139778,0
186798,0
56514,0
88795,0
97106,0
119875,0
158817,0
42234,0
169184,0
128035,0
60151,0
148544,0
43238,0
83084,0
201533,0
125179,0
43418,0
126987,0
32428,0
173600,0
167707,0
102706,0
149796,0
188210,0
171727,0
213259,0
45241,0
97429,0
120782,0
160676,0
83378,0
117780,0
151535,0
211946,0
133348,0
92073,0
208293,0
172618,0
82231,0
20438,0
68596,0
88921,0
170682,0
157230,0
208317,0
75097,0
84014,0
65409,0
146846,0
34262,0
134584,0
141926,0
35692,0
169625,0
91614,0
172008,0
118147,0
90164,0
181464,0
113273,0
175289,0
112142,0
106004,0
207488,0
214586,0
27294,0
176632,0
60876,0
56780,0
168466,0
74239,0
95556,0
167816,0
209605,0
176558,0
43158,0
167447,0
190360,0
177650,0
47533,0
219876,0
132291,0
202051,0
205129,0
107297,0
176276,0
183623,0
57743,0
162292,0
164784,0
58100,0
44410,0
55578,0
126769,0
177453,0
113670,0
211664,0
78856,0
114018,0
202416,0
25158,0
197548,0
214050,0
31536,0
81231,0
166621,0
168408,0
40193,0
44972,0
126798,0
117923,0
86277,0
114374,0
102739,0
92087,0
91024,0
58855,0
216830,0
204920,0
43753,0
38626,0
111740,0
22036,0
79020,0
171475,0
74060,0
166792,0
213530,0
164173,0
39774,0
190706,0
150725,0
54663,0
36848,0
108548,0
178049,0
36659,0
45165,0
73465,0
145950,0
60124,0
55500,0
120848,0
80314,0
181960,0
56138,0
85737,0
157041,0
176466,0
37570,0
32502,0
119568,0
98105,0
180574,0
104900,0
77659,0
139123,0
50476,0
91744,0
25944,0
161767,0
20691,0
80633,0
219312,0
81633,0
62159,0
36875,0
53948,0
178661,0
38368,0
31498,0
111140,0
160711,0
104600,0
146623,0
217241,0
142469,0
132094,0
24891,0
215773,0
215850,0
123702,0
102250,0
105546,0
214677,0
78916,0
207152,0
161278,0
185899,0
113910,0
213217,0
71996,0
158791,0
187963,0
30259,0
53348,0
159462,0
33215,0
200141,0
160868,0
62759,0
25977,0
203886,0
29913,0
42872,0
94014,0
157840,0
137919,0
155380,0
129040,0
52288,0
209000,0
37494,0
152735,0
152481,0
127861,0
158240,0
99522,0
82856,0
39058,0
108460,0
25803,0
60381,0
35606,0
119472,0
176164,0
112668,0
128252,0
129019,0
54829,0
161410,0
213834,0
195113,0
81914,0
198475,0
115743,0
37144,0
212791,0
84246,0
214592,0
80743,0
125118,0
218356,0
147518,0
63792,0
152549,0
138949,0
131610,0
122149,0
213422,0
198189,0
110605,0
171488,0
76401,0
190134,0
171108,0
110337,0
160501,0
187783,0
125701,0
102500,0
24365,0
212246,0
143508,0
78261,0
155244,0
50003,0
184536,0
133687,0
59609,0
197667,0
98632,0
191266,0
43649,0
208346,0
57641,0
20232,0
37895,0
27687,0
106893,0
28836,0
204076,0
50391,0
115128,0
145833,0
195849,0
206847,0
44338,0
108459,0
26246,0
24381,0
118720,0
196142,0
75708,0
193570,0
119948,0
28412,0
188804,0
33786,0
30590,0
124730,0
39927,0
53118,0
42122,0
77701,0
163698,0
79397,0
51212,0
134613,0
145343,0
86073,0
174669,0
87787,0
128857,0
35159,0
152634,0
199822,0
183290,0
213417,0
134088,0
188135,0
65630,0
164220,0
191838,0
219430,0
24641,0
126910,0
127992,0
59386,0
150858,0
160199,0
23616,0
168621,0
62255,0
191375,0
153685,0
71766,0
57217,0
111030,0
105790,0
157274,0
197956,0
112095,0
126611,0
80605,0
53188,0
108318,0
182219,0
72735,0
136374,0
49428,0
157865,0
173676,0
173143,0
201173,0
168654,0
148727,0
106567,0
44712,0
135174,0
212281,0
132214,0
146273,0
105236,0
169070,0
150212,0
82714,0
135187,0
32469,0
23287,0
50623,0
35989,0
89691,0
64582,0
202727,0
181879,0
195217,0
164134,0
61045,0
115228,0
128997,0
148330,0
183373,0
75328,0
74910,0
187160,0
167890,0
93275,0
67277,0
169456,0
43842,0
214353,0
170815,0
146069,0
112728,0
145509,0
102457,0
200859,0
74803,0
123868,0
55124,0
113543,0
55925,0
116661,0
144636,0
31479,0
215198,0
217609,0
173398,0
57067,0
168227,0
196962,0
144431,0
117718,0
104536,0
181436,0
131834,0
196213,0
85345,0
21956,0
165821,0
207291,0
83947,0
203169,0
143755,0
86059,0
198434,0
50679,0
165032,0
184972,0
167814,0
113699,0
78211,0
53846,0
104970,0
37148,0
57048,0
180184,0
23157,0
218874,0
77163,0
195601,0
81064,0
43798,0
175933,0
142596,0
188873,0
21826,0
67221,0
170998,0
160860,0
69169,0
190199,0
101189,0
28358,0
178781,0
89267,0
58215,0
66485,0
28707,0
170223,0
84098,0
179010,0
214908,0
29768,0
24480,0
49182,0
130837,0
209585,0
88539,0
128694,0
152050,0
57099,0
154701,0
46345,0
142795,0
65724,0
98942,0
119122,0
199111,0
60063,0
215819,0
97773,0
145681,0
140270,0
184096,0
55194,0
103186,0
65278,0
147025,0
100363,0
39912,0
166788,0
155307,0
20287,0
124717,0
147015,0
151902,0
192695,0
132860,0
107519,0
93346,0
132042,0
22571,0
85151,0
132105,0
212129,0
193495,0
78722,0
49602,0
135687,0
88041,0
51427,0
167781,0
67594,0
158733,0
215906,0
100685,0
34960,0
57020,0
70832,0
68266,0
213521,0
143328,0
165840,0
61392,0
124631,0
111991,0
210905,0
96549,0
20774,0
82286,0
76289,0
128429,0
28892,0
120847,0
67248,0
48974,0
23498,0
179386,0
158561,0
66579,0
127250,0
127496,0
99649,0
83946,0
59748,0
55635,0
195545,0
174433,0
133935,0
133113,0
143846,0
205094,0
47357,0
42551,0
166616,0
198755,0
186701,0
215758,0
173574,0
112218,0
214553,0
84857,0
127650,0
166604,0
72091,0
88135,0
52420,0
201273,0
119050,0
81692,0
109796,0
168569,0
105084,0
81452,0
178579,0
107510,0
55142,0
87779,0
54273,0
87239,0
204449,0
213697,0
33874,0
25460,0
124216,0
123407,0
107063,0
175065,0
104053,0
111141,0
41632,0
59117,0
143483,0
87208,0
49067,0
165443,0
64100,0
57671,0
121215,0
152958,0
112320,0
22992,0
91349,0
68860,0
211971,0
43480,0
155231,0
48129,0
144844,0
119221,0
187584,0
121269,0
216344,0
216816,0
114233,0
162117,0
195079,0
139465,0
85740,0
136489,0
37244,0
49953,0
187681,0
103557,0
77646,0
90174,0
54735,0
103711,0
58434,0
210262,0
115343,0
104078,0
52930,0
44420,0
138675,0
85266,0
117646,0
109224,0
40072,0
109649,0
98497,0
24390,0
212557,0
150517,0
93867,0
24378,0
57988,0
75403,0
149153,0
163386,0
63000,0
213755,0
61423,0
142383,0
178337,0
57294,0
111532,0
130742,0
148383,0
116088,0
198249,0
58015,0
151003,0
94123,0
144828,0
111614,0
137559,0
197186,0
93637,0
61500,0
32209,0
88790,0
40207,0
117452,0
104647,0
129440,0
194786,0
186875,0
103954,0
210433,0
72843,0
137004,0
211588,0
57001,0
127814,0
130324,0
128545,0
33156,0
200784,0
78104,0
52064,0
158800,0
56588,0
59596,0
111804,0
161584,0
46236,0
82898,0
124895,0
174171,0
81541,0
213672,0
135376,0
215239,0
146601,0
104024,0
68133,0
23516,0
104719,0
71726,0
75015,0
24491,0
54449,0
24372,0
194472,0
168734,0
27446,0
187019,0
125176,0
109209,0
31594,0
38363,0
154065,0
186848,0
164477,0
209918,0
146615,0
20703,0
107675,0
154291,0
121158,0
85965,0
95263,0
171533,0
161711,0
87833,0
22113,0
139516,0
21668,0
93855,0
71566,0
34458,0
208666,0
215296,0
217798,0
192559,0
132663,0
156280,0
96433,0
119544,0
94992,0
198238,0
121948,0
143461,0
140907,0
191584,0
59038,0
28862,0
76915,0
28138,0
105835,0
61722,0
200353,0
108931,0
104702,0
39814,0
124439,0
76628,0
34845,0
49078,0
174500,0
81993,0
24117,0
62452,0
93006,0
63700,0
200057,0
44490,0
198656,0
32015,0
58377,0
67374,0
34015,0
88489,0
117383,0
158744,0
82961,0
84234,0
208553,0
55943,0
39031,0
154557,0
198384,0
175341,0
126717,0
138712,0
202607,0
148112,0
26700,0
126459,0
154544,0
158875,0
36250,0
138670,0
39176,0
153292,0
93036,0
123662,0
25008,0
86303,0
180616,0
171653,0
150579,0
44112,0
65414,0
183557,0
148529,0
53863,0
209895,0
207879,0
95904,0
42968,0
50160,0
155980,0
210828,0
62263,0
84818,0
201588,0
216855,0
76042,0
211025,0
173738,0
173626,0
163595,0
120055,0
203854,0
209978,0
188714,0
93361,0
73191,0
76656,0
157385,0
113970,0
24819,0
60319,0
185525,0
134337,0
119960,0
35331,0
148244,0
95579,0
174929,0
117688,0
64024,0
97061,0
119626,0
98464,0
182844,0
60140,0
103455,0
183904,0
181429,0
174329,0
91800,0
43179,0
61065,0
129011,0
41488,0
158643,0
92350,0
108779,0
148582,0
138907,0
75136,0
157358,0
93384,0
62597,0
142155,0
165542,0
128720,0
179953,0
127622,0
191512,0
134823,0
118653,0
39945,0
95117,0
125823,0
185671,0
77524,0
144487,0
216846,0
210887,0
194675,0
193683,0
92190,0
116889,0
25226,0
79173,0
105299,0
156069,0
47633,0
135745,0
88153,0
103930,0
75031,0
78491,0
60937,0
33630,0
186039,0
134402,0
91231,0
78829,0
64250,0
83865,0
37811,0
47136,0
55996,0
89709,0
75273,0
212596,0
85347,0
57032,0
171640,0
144218,0
83096,0
218860,0
121937,0
114602,0
119678,0
85907,0
90642,0
121053,0
102856,0
129723,0
118479,0
101001,0
22193,0
166332,0
202985,0
60809,0
140459,0
42895,0
178247,0
26177,0
32025,0
207629,0
43816,0
215331,0
179905,0
177468,0
125816,0
49768,0
123228,0
126777,0
207662,0
113070,0
120187,0
34512,0
74224,0
53781,0
37183,0
113725,0
104779,0
124925,0
34768,0
144599,0
171177,0
65198,0
20635,0
151415,0
209878,0
154174,0
124270,0
81274,0
115055,0
116017,0
97740,0
84396,0
29799,0
165364,0
203978,0
201762,0
203407,0
89744,0
142441,0
139076,0
30651,0
128173,0
78399,0
217195,0
114727,0
170699,0
145745,0
150293,0
166651,0
49846,0
161188,0
204266,0
206217,0
58073,0
200475,0
183587,0
25643,0
180216,0
53391,0
93446,0
28794,0
186582,0
219928,0
85893,0
186678,0
32528,0
48521,0
137106,0
163488,0
194678,0
130043,0
180844,0
89341,0
193748,0
145706,0
60870,0
78336,0
102263,0
213094,0
165677,0
201960,0
176572,0
165933,0
36782,0
57615,0
111454,0
189641,0
200255,0
66642,0
210027,0
215371,0
204284,0
65225,0
218947,0
102280,0
54298,0
198702,0
158656,0
172356,0
61745,0
185776,0
165122,0
68206,0
61033,0
217091,0
109720,0
150988,0
56245,0
126015,0
160272,0
89475,0
48944,0
126489,0
193180,0
152751,0
138823,0
135100,0
195230,0
216886,0
215534,0
45894,0
53241,0
62328,0
94752,0
67471,0
163874,0
201598,0
216080,0
154263,0
134748,0
80236,0
60761,0
47513,0
168230,0
179348,0
60674,0
206379,0
56305,0
29743,0
71537,0
31859,0
76438,0
78584,0
100435,0
172376,0
24919,0
184038,0
54730,0
132423,0
166715,0
182716,0
134879,0
186242,0
34637,0
34083,0
197291,0
68385,0
170962,0
188991,0
40075,0
155290,0
83264,0
143209,0
108097,0
152174,0
42953,0
89920,0
61397,0
166914,0
162423,0
117587,0
105959,0
154684,0
159602,0
112614,0
200430,0
89104,0
138629,0
64016,0
117055,0
180244,0
110003,0
201615,0
70876,0
38107,0
97720,0
197538,0
59792,0
177084,0
55691,0
75044,0
63163,0
181061,0
26275,0
203449,0
141498,0
106933,0
107832,0
209149,0
88312,0
84251,0
161576,0
42686,0
61327,0
196755,0
106469,0
159643,0
82378,0
185673,0
23584,0
212006,0
137194,0
180729,0
121132,0
74875,0
101696,0
211347,0
186364,0
194634,0
79285,0
193522,0
46336,0
29342,0
214314,0
40310,0
173824,0
158397,0
189003,0
162204,0
151199,0
196574,0
188997,0
196596,0
110527,0
195700,0
27161,0
40888,0
194064,0
141076,0
78602,0
51969,0
191930,0
109722,0
157054,0
172074,0
80617,0
44318,0
174812,0
52917,0
211836,0
101139,0
73763,0
40980,0
53976,0
134893,0
57400,0
157175,0
184346,0
58468,0
131785,0
119569,0
84311,0
86424,0
76669,0
121143,0
211094,0
84651,0
169697,0
127994,0
20898,0
133934,0
31135,0
88665,0
143783,0
68045,0
119560,0
78190,0
215588,0
133219,0
129407,0
144333,0
133287,0
132862,0
129693,0
70352,0
181843,0
40674,0
88482,0
28175,0
161227,0
165257,0
37730,0
29746,0
193600,0
77911,0
128471,0
86994,0
63848,0
73976,0
193482,0
94655,0
91975,0
144610,0
134746,0
89293,0
156789,0
97519,0
46699,0
40681,0
143899,0
28593,0
159104,0
153403,0
182748,0
129064,0
93669,0
73088,0
140368,0
161819,0
219672,0
81868,0
140653,0
69796,0
48277,0
63763,0
72063,0
77862,0
170358,0
198714,0
203212,0
194642,0
65112,0
186072,0
37845,0
169556,0
81867,0
189427,0
37765,0
159211,0
123207,0
26904,0
109548,0
185375,0
69871,0
117757,0
115138,0
27466,0
138769,0
183690,0
208174,0
178582,0
108660,0
93958,0
64451,0
131949,0
216554,0
113442,0
96230,0
84089,0
134298,0
23257,0
34894,0
25889,0
203993,0
121868,0
180709,0
45118,0
108165,0
34182,0
151965,0
203829,0
192366,0
150818,0
98404,0
203848,0
68782,0
128787,0
126401,0
216030,0
160720,0
164593,0
54414,0
197374,0
160473,0
53216,0
109161,0
63851,0
64987,0
118739,0
156415,0
67414,0
106590,0
81875,0
187551,0
130725,0
166394,0
204792,0
54959,0
24080,0
186571,0
51121,0
73222,0
76337,0
49235,0
200308,0
54969,0
56702,0
158843,0
79432,0
110604,0
52061,0
167554,0
196606,0
64314,0
174655,0
191672,0
103533,0
169097,0
23310,0
136532,0
182624,0
145400,0
103853,0
149900,0
209279,0
59583,0
172178,0
125253,0
81950,0
185810,0
100700,0
106238,0
53618,0
87345,0
152817,0
130591,0
196511,0
169654,0
50251,0
43262,0
160547,0
189038,0
21052,0
217817,0
210020,0
98594,0
166247,0
92001,0
206598,0
36645,0
135307,0
171283,0
139142,0
121438,0
50462,0
176137,0
99513,0
75075,0
137270,0
55556,0
36286,0
199320,0
74631,0
154225,0
200399,0
78609,0
46397,0
100254,0
181948,0
207256,0
22910,0
203974,0
212594,0
173498,0
206709,0
69870,0
157576,0
106230,0
145131,0
159214,0
129321,0
180276,0
179269,0
194384,0
74391,0
146322,0
62643,0
183692,0
119169,0
207576,0
140480,0
200568,0
33926,0
160381,0
78939,0
28017,0
56961,0
117479,0
199069,0
171343,0
87201,0
72520,0
168808,0
155200,0
134696,0
89721,0
193638,0
99960,0
196763,0
105365,0
96542,0
123613,0
151618,0
29081,0
68772,0
77810,0
96777,0
140171,0
172209,0
107456,0
97458,0
153242,0
138919,0
148577,0
145668,0
63547,0
47129,0
216129,0
162448,0
21189,0
130983,0
179846,0
93086,0
88867,0
28171,0
33921,0
103092,0
133872,0
165690,0
165658,0
81729,0
119734,0
51289,0
131692,0
181414,0
190609,0
35575,0
51083,0
179166,0
140814,0
64305,0
168794,0
206626,0
106787,0
169325,0
207166,0
174535,0
179677,0
193371,0
210657,0
92468,0
36331,0
83110,0
70520,0
183794,0
140903,0
177929,0
206444,0
194291,0
33530,0
174993,0
47452,0
42531,0
185009,0
108288,0
22225,0
157913,0
215788,0
176456,0
158520,0
130158,0
39294,0
84582,0
27451,0
164920,0
41474,0
64679,0
39382,0
213488,0
21035,0
105752,0
192298,0
96201,0
193431,0
50585,0
162077,0
193288,0
212350,0
109718,0
88565,0
198846,0
161117,0
195883,0
121684,0
102839,0
213344,0
131354,0
210588,0
199009,0
158012,0
56220,0
190105,0
166886,0
206157,0
211986,0
49175,0
152404,0
209095,0
56637,0
116347,0
216739,0
47686,0
185089,0
88332,0
89918,0
50291,0
88470,0
186985,0
162211,0
84280,0
58186,0
172310,0
207485,0
62104,0
83982,0
163376,0
125710,0
197288,0
57106,0
27536,0
171998,0
171997,0
128948,0
83050,0
124412,0
195329,0
136686,0
211721,0
133183,0
186310,0
105671,0
93227,0
165847,0
94144,0
58240,0
34125,0
93213,0
175149,0
180556,0
198573,0
85470,0
157693,0
216836,0
105543,0
154706,0
36879,0
138333,0
102764,0
107030,0
67556,0
211939,0
61482,0
32514,0
194677,0
59189,0
71253,0
140822,0
101310,0
157305,0
163009,0
52436,0
172625,0
65687,0
133083,0
144826,0
58048,0
24467,0
97744,0
83377,0
124132,0
40081,0
102293,0
167349,0
169350,0
143875,0
55740,0
144755,0
25819,0
33015,0
26920,0
191431,0
157503,0
219118,0
149651,0
131118,0
130185,0
59745,0
196124,0
63350,0
175717,0
114919,0
159171,0
44308,0
147966,0
162931,0
28383,0
180186,0
202407,0
203780,0
72559,0
68313,0
45523,0
218750,0
127559,0
77698,0
158948,0
131121,0
167457,0
199782,0
56450,0
137344,0
68197,0
155798,0
42802,0
201967,0
110127,0
133209,0
135810,0
113790,0
109285,0
37517,0
218734,0
191320,0
176963,0
95699,0
113068,0
94461,0
111503,0
90491,0
82686,0
102671,0
58378,0
47988,0
41522,0
194815,0
184005,0
203030,0
57266,0
131657,0
132160,0
160706,0
28430,0
127608,0
31701,0
41970,0
140276,0
163960,0
108323,0
51223,0
87426,0
168716,0
88189,0
137730,0
106202,0
206836,0
129590,0
52760,0
96301,0
164275,0
147273,0
80091,0
218969,0
185436,0
168047,0
186398,0
128578,0
115229,0
60258,0
68132,0
216388,0
51188,0
39986,0
114507,0
185092,0
111718,0
73920,0
194624,0
137183,0
53183,0
63331,0
205507,0
166292,0
69182,0
192628,0
173453,0
212263,0
128239,0
209691,0
23988,0
105859,0
176008,0
83265,0
167382,0
95826,0
213317,0
125762,0
203765,0
184489,0
125998,0
115592,0
183766,0
61842,0
108384,0
172268,0
178320,0
47505,0
79247,0
30770,0
22351,0
205054,0
143165,0
180106,0
209666,0
146312,0
203114,0
189364,0
172245,0
149608,0
82889,0
58360,0
34794,0
73617,0
208567,0
81609,0
24386,0
94772,0
21116,0
108171,0
52277,0
129451,0
189804,0
56132,0
71669,0
106953,0
129008,0
69681,0
105490,0
114299,0
44248,0
31151,0
43548,0
140961,0
216520,0
98544,0
204667,0
37870,0
160756,0
133114,0
153925,0
186869,0
183671,0
196687,0
106562,0
91735,0
139761,0
109016,0
128290,0
35816,0
168817,0
199638,0
219017,0
35877,0
202437,0
25910,0
188253,0
121322,0
151396,0
80174,0
62402,0
180857,0
187506,0
136466,0
56239,0
50821,0
149209,0
97669,0
44555,0
205892,0
43256,0
215168,0
90662,0
53417,0
102988,0
55326,0
63420,0
199870,0
193710,0
119713,0
45658,0
171839,0
217133,0
63170,0
106716,0
25435,0
218002,0
69217,0
174742,0
76899,0
93244,0
116109,0
88131,0
212332,0
104320,0
103417,0
104369,0
113473,0
47968,0
196637,0
164619,0
87931,0
29682,0
42003,0
206510,0
189594,0
106049,0
24291,0
105802,0
67537,0
51807,0
167741,0
146018,0
168514,0
114213,0
214848,0
75819,0
108347,0
148682,0
56512,0
106836,0
146539,0
142692,0
109083,0
66465,0
167802,0
216260,0
30202,0
129085,0
110907,0
219128,0
111024,0
105659,0
206182,0
145289,0
142590,0
191531,0
45266,0
22709,0
202591,0
55143,0
126974,0
167410,0
119364,0
153832,0
63838,0
183829,0
98340,0
99352,0
117683,0
138354,0
198825,0
38570,0
205438,0
100513,0
43449,0
199918,0
51081,0
93369,0
33795,0
27507,0
164607,0
70782,0
61288,0
105059,0
88321,0
42626,0
69203,0
104367,0
151153,0
130136,0
47571,0
109415,0
180653,0
166906,0
187518,0
129184,0
173589,0
83073,0
165052,0
204383,0
21239,0
71365,0
219162,0
116681,0
163539,0
128604,0
70510,0
57410,0
38920,0
105516,0
194254,0
71142,0
166090,0
46086,0
58886,0
132949,0
143789,0
162524,0
45691,0
176560,0
96893,0
109045,0
30958,0
145921,0
60168,0
143586,0
197721,0
150807,0
64722,0
141478,0
216229,0
202884,0
62653,0
42757,0
190968,0
62416,0
181449,0
160866,0
98163,0
67927,0
126857,0
72548,0
39863,0
122508,0
136115,0
199228,0
90277,0
61123,0
121905,0
66225,0
165276,0
211369,0
81089,0
117232,0
163365,0
89548,0
148129,0
69213,0
52770,0
58934,0
197859,0
187837,0
171318,0
184445,0
171538,0
192368,0
21832,0
74583,0
100913,0
78051,0
67635,0
208703,0
149151,0
122170,0
69496,0
171494,0
198467,0
162689,0
96126,0
63590,0
46362,0
115455,0
195391,0
72078,0
102346,0
88150,0
139865,0
118323,0
83330,0
91334,0
106436,0
103759,0
213775,0
100266,0
178037,0
116676,0
69694,0
87001,0
107256,0
99216,0
109645,0
94532,0
195008,0
188236,0
113020,0
207982,0
87276,0
33253,0
67445,0
96586,0
76845,0
214748,0
182492,0
52789,0
72200,0
45364,0
45446,0
158218,0
33539,0
114442,0
82216,0
154651,0
54946,0
150292,0
176146,0
79551,0
150506,0
32510,0
123760,0
167942,0
22150,0
107283,0
105229,0
36920,0
171865,0
61671,0
74518,0
75904,0
62770,0
140452,0
110264,0
126708,0
151325,0
28795,0
124578,0
199719,0
101908,0
179081,0
158068,0
79158,0
24341,0
198326,0
148509,0
137125,0
99447,0
57611,0
108060,0
214123,0
88786,0
126291,0
188436,0
155056,0
32721,0
91182,0
116338,0
121195,0
177606,0
58337,0
99436,0
134432,0
94627,0
149290,0
44890,0
72972,0
56080,0
178228,0
141989,0
143921,0
132312,0
59009,0
88211,0
174635,0
73445,0
71396,0
144682,0
205291,0
178271,0
42730,0
189887,0
193623,0
101418,0
64484,0
187364,0
54474,0
173863,0
148422,0
120667,0
125992,0
218869,0
175939,0
150490,0
89516,0
190062,0
203186,0
194080,0
40106,0
202945,0
47992,0
213759,0
139291,0
93121,0
53748,0
217646,0
210452,0
104648,0
119845,0
110776,0
127334,0
213445,0
73448,0
108012,0
183607,0
158247,0
64141,0
58977,0
23451,0
87185,0
199315,0
162140,0
139484,0
124792,0
202307,0
68057,0
184694,0
61136,0
84828,0
114180,0
84335,0
144923,0
36009,0
110619,0
133335,0
129652,0
109840,0
73958,0
28936,0
96255,0
161585,0
136390,0
52191,0
155335,0
153015,0
51533,0
162858,0
57215,0
173343,0
202815,0
76059,0
133892,0
127614,0
44510,0
134903,0
162032,0
40634,0
158425,0
120709,0
47013,0
189886,0
107775,0
83139,0
55644,0
82763,0
73327,0
128423,0
193796,0
34715,0
92658,0
167789,0
117977,0
91616,0
82824,0
83244,0
34395,0
208033,0
79384,0
42337,0
108211,0
22252,0
36224,0
217090,0
22792,0
113253,0
104968,0
167810,0
36802,0
25505,0
142774,0
217627,0
146079,0
166377,0
134097,0
155340,0
56832,0
138568,0
27472,0
76759,0
86972,0
129529,0
39964,0
21090,0
194138,0
124759,0
164296,0
65622,0
174629,0
208112,0
188342,0
94377,0
93561,0
61441,0
183140,0
189628,0
168113,0
205491,0
190295,0
42923,0
154655,0
189958,0
209497,0
204765,0
180586,0
171831,0
102828,0
79299,0
149052,0
97003,0
145807,0
131994,0
171368,0
114976,0
143337,0
55543,0
107105,0
107472,0
56692,0
65432,0
38046,0
67905,0
35364,0
33441,0
25838,0
219055,0
150048,0
34103,0
140259,0
138112,0
177729,0
216671,0
121421,0
44576,0
111179,0
173063,0
191944,0
37180,0
195544,0
42983,0
130989,0
200654,0
107571,0
72868,0
99477,0
186529,0
107644,0
168799,0
178799,0
202507,0
90731,0
103022,0
141596,0
28225,0
133728,0
59447,0
53963,0
23986,0
68296,0
34292,0
62015,0
181316,0
186225,0
146608,0
165651,0
184745,0
62230,0
181653,0
105729,0
196011,0
162227,0
127030,0
126536,0
70353,0
70559,0
141798,0
125988,0
192072,0
118919,0
206982,0
177878,0
138331,0
186780,0
183378,0
37950,0
196570,0
168551,0
124948,0
131831,0
117971,0
137442,0
110225,0
167820,0
164687,0
188704,0
218761,0
147254,0
46093,0
215218,0
79212,0
153878,0
64394,0
105035,0
54623,0
90175,0
194930,0
149218,0
210162,0
157600,0
180949,0
89766,0
84400,0
169781,0
114651,0
106398,0
53199,0
192308,0
201232,0
83037,0
98104,0
161101,0
154416,0
85338,0
153555,0
101573,0
135142,0
218138,0
155207,0
88345,0
118700,0
97663,0
48949,0
178926,0
161915,0
140935,0
182084,0
153450,0
47692,0
104493,0
199644,0
23502,0
182997,0
72476,0
24054,0
152374,0
179717,0
29396,0
157834,0
139893,0
91558,0
123005,0
188694,0
26369,0
188165,0
218904,0
199087,0
20855,0
104845,0
156172,0
75301,0
191669,0
42602,0
61425,0
61776,0
178032,0
59104,0
151314,0
49831,0
151395,0
186046,0
132399,0
198105,0
50571,0
186510,0
46131,0
31046,0
126411,0
109693,0
96325,0
216867,0
155193,0
148913,0
204571,0
102247,0
94563,0
111902,0
182212,0
92994,0
217894,0
155401,0
92047,0
72395,0
137775,0
125104,0
77467,0
172030,0
84697,0
37766,0
143139,0
35628,0
184378,0
128455,0
61258,0
186023,0
131590,0
191499,0
173702,0
93960,0
124754,0
38646,0
44414,0
197845,0
104665,0
161783,0
120257,0
114783,0
191097,0
135228,0
89713,0
61106,0
208227,0
212313,0
39378,0
95024,0
174942,0
218318,0
101889,0
54387,0
41088,0
167065,0
211570,0
173345,0
33818,0
27327,0
154674,0
95193,0
178575,0
62817,0
111608,0
213894,0
197695,0
134669,0
33633,0
111263,0
141517,0
198989,0
26946,0
210574,0
158563,0
125148,0
153876,0
203739,0
171050,0
129403,0
144158,0
216918,0
146204,0
158266,0
36000,0
26770,0
197593,0
76162,0
156464,0
151795,0
175615,0
107352,0
66045,0
25969,0
55056,0
201780,0
204455,0
102161,0
160291,0
134469,0
59897,0
131871,0
130128,0
97303,0
176506,0
29455,0
49442,0
140533,0
91117,0
203493,0
83691,0
161046,0
125169,0
93740,0
58172,0
22889,0
47550,0
71590,0
207775,0
82202,0
211168,0
62366,0
210670,0
111863,0
37181,0
61072,0
53111,0
158713,0
181822,0
71191,0
134080,0
216140,0
193136,0
198843,0
45832,0
144128,0
41819,0
215262,0
64193,0
38509,0
211271,0
122725,0
41214,0
66687,0
55203,0
127722,0
24194,0
207001,0
154793,0
159001,0
93357,0
152155,0
202132,0
218168,0
40002,0
190006,0
48585,0
144493,0
62219,0
91908,0
201116,0
23371,0
116697,0
119585,0
102132,0
199425,0
200996,0
147146,0
158075,0
128316,0
32702,0
105101,0
215754,0
44077,0
131981,0
193779,0
126368,0
96177,0
22133,0
26085,0
124647,0
39453,0
20803,0
50307,0
103689,0
55337,0
48173,0
71474,0
134617,0
48963,0
180154,0
116770,0
190346,0
149322,0
105387,0
51281,0
180079,0
32667,0
134900,0
142394,0
167183,0
136782,0
97247,0
114139,0
73597,0
204233,0
150790,0
160754,0
37896,0
60582,0
170994,0
173818,0
145997,0
124355,0
28013,0
198818,0
150279,0
162421,0
23969,0
89380,0
140771,0
91879,0
82013,0
145179,0
164814,0
140543,0
113470,0
81924,0
50421,0
92287,0
181165,0
148450,0
91870,0
163322,0
78164,0
34345,0
165759,0
151514,0
190637,0
153390,0
207660,0
141680,0
143442,0
170201,0
30617,0
45225,0
213639,0
44604,0
54482,0
138342,0
114682,0
59290,0
71056,0
154850,0
128372,0
69291,0
77397,0
180819,0
215627,0
138123,0
119836,0
159430,0
139474,0
98696,0
55347,0
54432,0
132543,0
126996,0
153288,0
38266,0
193969,0
203321,0
206530,0
67895,0
118613,0
33066,0
21695,0
107246,0
63909,0
186050,0
177192,0
218446,0
51656,0
170882,0
77019,0
194212,0
122768,0
199036,0
21526,0
219648,0
202070,0
38666,0
24224,0
21040,0
122142,0
111181,0
73754,0
148080,0
85229,0
214878,0
40459,0
79790,0
55834,0
217661,0
175426,0
75693,0
52258,0
128580,0
102423,0
77050,0
54269,0
142583,0
30827,0
28548,0
215572,0
47487,0
166075,0
132039,0
200755,0
40742,0
145552,0
209924,0
75218,0
196541,0
199798,0
82938,0
129801,0
168866,0
129042,0
168871,0
163211,0
60801,0
107835,0
74308,0
212695,0
117928,0
40460,0
178592,0
93442,0
96105,0
40666,0
203797,0
161546,0
187365,0
111607,0
116571,0
176642,0
131539,0
118246,0
174682,0
102227,0
165284,0
58734,0
66507,0
137078,0
88460,0
136972,0
81433,0
138730,0
170078,0
70965,0
23718,0
115045,0
70256,0
141627,0
108162,0
126375,0
39563,0
82727,0
79747,0
29821,0
209114,0
96388,0
152636,0
130775,0
124426,0
39875,0
76054,0
197336,0
109779,0
106006,0
184612,0
168937,0
141018,0
111139,0
136966,0
158695,0
203473,0
211714,0
151559,0
79420,0
79300,0
76185,0
120447,0
176431,0
78416,0
91170,0
208043,0
72240,0
49871,0
90856,0
181818,0
55704,0
42886,0
154842,0
45794,0
65542,0
142681,0
184627,0
123741,0
214060,0
112909,0
76695,0
113810,0
174217,0
36392,0
35563,0
116576,0
67031,0
90892,0
180114,0
59339,0
59912,0
168746,0
158385,0
150160,0
37299,0
136009,0
69866,0
165188,0
38643,0
60886,0
28902,0
65866,0
103927,0
91822,0
60315,0
141726,0
110185,0
167992,0
178492,0
93414,0
79591,0
142678,0
63321,0
75039,0
73431,0
107555,0
111925,0
215047,0
81709,0
108956,0
198166,0
185146,0
212505,0
154899,0
55023,0
42973,0
90183,0
159512,0
68166,0
42175,0
172287,0
164476,0
152302,0
162243,0
208517,0
197885,0
70011,0
198217,0
208692,0
138851,0
164362,0
53210,0
152510,0
208621,0
152027,0
45510,0
151092,0
75003,0
60133,0
82664,0
130399,0
94432,0
140893,0
130754,0
56342,0
44476,0
85422,0
166655,0
160160,0
108254,0
205227,0
217815,0
68096,0
128440,0
87311,0
56394,0
187004,0
123432,0
170865,0
186818,0
26244,0
212405,0
165203,0
67405,0
103402,0
155047,0
129989,0
109816,0
136420,0
193268,0
104206,0
212453,0
175819,0
219711,0
118902,0
154060,0
101950,0
110311,0
86096,0
42053,0
173905,0
42948,0
107019,0
122439,0
85528,0
94480,0
217588,0
196329,0
200584,0
114230,0
133857,0
146046,0
194016,0
55043,0
109313,0
83360,0
88410,0
131907,0
167954,0
33797,0
79410,0
132383,0
40367,0
123686,0
177054,0
87463,0
155151,0
136797,0
40466,0
61180,0
41441,0
116378,0
63357,0
118698,0
80724,0
191293,0
76993,0
121264,0
213620,0
150009,0
155275,0
81243,0
211256,0
43362,0
32439,0
174772,0
206939,0
109317,0
217558,0
48690,0
107381,0
83055,0
175524,0
91345,0
75592,0
64590,0
68002,0
92890,0
162400,0
132076,0
127793,0
87752,0
75785,0
191062,0
106777,0
177599,0
192973,0
219966,0
89593,0
64476,0
77258,0
84613,0
197371,0
181412,0
81771,0
104553,0
99763,0
193138,0
84440,0
136393,0
216745,0
143351,0
186693,0
218172,0
184190,0
170288,0
172169,0
207838,0
206475,0
54362,0
70334,0
126408,0
201051,0
183070,0
157493,0
175093,0
80970,0
158105,0
53360,0
54918,0
137218,0
204049,0
138740,0
184336,0
70076,0
165103,0
149914,0
44235,0
22016,0
70671,0
144330,0
21962,0
32834,0
63737,0
34613,0
81928,0
62715,0
84348,0
59037,0
159743,0
73975,0
40118,0
158386,0
150628,0
144396,0
210268,0
92954,0
56578,0
140897,0
37252,0
116896,0
82310,0
35792,0
107483,0
140573,0
178673,0
179111,0
74032,0
166863,0
97477,0
119831,0
177388,0
216098,0
214145,0
123373,0
192580,0
174475,0
137900,0
147643,0
90007,0
121099,0
150498,0
148801,0
192711,0
173064,0
53109,0
89897,0
57759,0
119036,0
174390,0
193273,0
106349,0
102310,0
142619,0
185269,0
154772,0
130848,0
153318,0
136469,0
185680,0
75267,0
140205,0
129998,0
175907,0
106740,0
22377,0
194993,0
191275,0
72744,0
41162,0
184226,0
203348,0
57927,0
140775,0
214163,0
208139,0
66829,0
171967,0
139601,0
126972,0
205176,0
123499,0
50654,0
119095,0
112855,0
203791,0
73495,0
140450,0
150957,0
197057,0
72228,0
120295,0
192133,0
115454,0
144831,0
169209,0
112341,0
101436,0
207638,0
63309,0
96091,0
136423,0
181508,0
88434,0
75444,0
208327,0
120770,0
61144,0
21340,0
148031,0
135516,0
40230,0
217354,0
102767,0
91428,0
54465,0
29154,0
90064,0
185864,0
199887,0
128004,0
211613,0
154927,0
213018,0
127292,0
112712,0
112399,0
190926,0
32611,0
115170,0
167086,0
117742,0
27354,0
33095,0
79974,0
69553,0
119276,0
170020,0
93487,0
28523,0
44807,0
145062,0
120136,0
107713,0
71599,0
187182,0
48551,0
186401,0
192633,0
165153,0
98095,0
83703,0
180115,0
84617,0
42355,0
209966,0
128073,0
160465,0
97345,0
42901,0
212540,0
155508,0
167696,0
195989,0
187389,0
190262,0
173013,0
118578,0
182852,0
184165,0
71518,0
62519,0
177091,0
155778,0
27640,0
121183,0
26413,0
201517,0
96594,0
44130,0
202742,0
25571,0
82276,0
29955,0
134413,0
49606,0
219979,0
161038,0
73908,0
182598,0
82477,0
43941,0
37509,0
88157,0
174921,0
132874,0
109635,0
203541,0
82420,0
42671,0
205710,0
94005,0
34177,0
29028,0
32254,0
207856,0
199834,0
215060,0
187272,0
39240,0
39845,0
176015,0
25148,0
94148,0
22263,0
59477,0
209775,0
132078,0
61541,0
172031,0
113802,0
181959,0
134340,0
166262,0
130904,0
178763,0
46795,0
190813,0
83231,0
60660,0
109333,0
56193,0
163201,0
164484,0
118593,0
192603,0
53099,0
39937,0
189357,0
211692,0
79064,0
72614,0
172982,0
142786,0
75523,0
70529,0
186278,0
102604,0
93112,0
95368,0
184601,0
195519,0
211464,0
90006,0
131948,0
48161,0
215019,0
109668,0
35781,0
21446,0
172431,0
118075,0
72135,0
46222,0
138441,0
62465,0
93911,0
120087,0
160872,0
105630,0
52118,0
88942,0
143733,0
29796,0
131100,0
141482,0
206370,0
138445,0
172766,0
172221,0
65705,0
94445,0
38115,0
114591,0
84491,0
124483,0
40979,0
161835,0
69794,0
201103,0
167987,0
58025,0
86811,0
71482,0
177904,0
193233,0
137100,0
92448,0
219597,0
28368,0
112977,0
213196,0
80485,0
209051,0
164709,0
86316,0
49512,0
79676,0
132460,0
201892,0
81686,0
140057,0
201620,0
137212,0
57834,0
77909,0
122022,0
86646,0
99633,0
211732,0
218823,0
203163,0
69441,0
96825,0
152156,0
97197,0
57697,0
39137,0
156209,0
77604,0
83033,0
126884,0
179158,0
193477,0
80681,0
26305,0
213092,0
214336,0
22022,0
121927,0
113225,0
23412,0
68659,0
146465,0
140485,0
214192,0
198072,0
184973,0
108302,0
73825,0
75111,0
77372,0
107385,0
81822,0
150111,0
84853,0
159235,0
120883,0
115065,0
203215,0
217741,0
39765,0
191883,0
91946,0
85397,0
178829,0
154221,0
27308,0
124279,0
80640,0
98893,0
172200,0
90130,0
94139,0
194621,0
94514,0
195355,0
173771,0
79366,0
99754,0
203944,0
22192,0
205297,0
133087,0
47815,0
189826,0
138982,0
156126,0
71718,0
150549,0
198682,0
195205,0
168147,0
212016,0
100041,0
81311,0
41109,0
176564,0
209472,0
41279,0
185445,0
170339,0
217083,0
148861,0
150751,0
157002,0
76665,0
176086,0
42919,0
105371,0
34284,0
191829,0
120792,0
142190,0
146966,0
145021,0
192039,0
165227,0
122494,0
103542,0
170769,0
35074,0
128314,0
183694,0
215097,0
60788,0
60969,0
58512,0
204694,0
219983,0
77946,0
97274,0
136700,0
89796,0
173011,0
200526,0
182202,0
85067,0
196185,0
76569,0
207910,0
202458,0
124749,0
89988,0
173270,0
104569,0
214837,0
124048,0
118899,0
206416,0
213799,0
168543,0
161211,0
115494,0
149458,0
209557,0
186506,0
200651,0
191576,0
94490,0
158481,0
46705,0
183797,0
128406,0
71133,0
167885,0
189106,0
61750,0
83553,0
68883,0
141375,0
82479,0
103915,0
29530,0
132018,0
82851,0
175850,0
99041,0
148430,0
146190,0
45238,0
181096,0
72797,0
169419,0
39445,0
83218,0
91856,0
196834,0
175039,0
209477,0
133195,0
196781,0
94091,0
145428,0
167460,0
79620,0
62892,0
158005,0
81666,0
35126,0
134417,0
169725,0
47762,0
93706,0
70777,0
188199,0
80868,0
124624,0
121822,0
127524,0
208675,0
169922,0
155136,0
218299,0
60651,0
63532,0
107501,0
144964,0
70471,0
148910,0
47770,0
206099,0
159317,0
45531,0
156631,0
133772,0
79715,0
63880,0
133986,0
114782,0
158254,0
177688,0
114480,0
153967,0
55140,0
77325,0
135437,0
61720,0
152331,0
108965,0
85410,0
96424,0
74309,0
184255,0
197963,0
218720,0
119914,0
151146,0
158832,0
136285,0
68902,0
192157,0
157267,0
112651,0
95042,0
103984,0
106827,0
112411,0
126328,0
132057,0
25115,0
95701,0
213578,0
34173,0
170284,0
91995,0
49948,0
201731,0
203519,0
72214,0
60739,0
182172,0
198769,0
141136,0
42151,0
27597,0
187676,0
25449,0
33220,0
40437,0
193790,0
21483,0
198595,0
94861,0
31963,0
139280,0
42026,0
145429,0
195073,0
209423,0
173238,0
120410,0
54457,0
106073,0
24044,0
45505,0
21499,0
25501,0
178563,0
106232,0
174918,0
65428,0
139921,0
85600,0
111193,0
111417,0
163651,0
127795,0
94848,0
215522,0
38348,0
24411,0
56307,0
161758,0
51014,0
141344,0
165504,0
178083,0
40220,0
199155,0
79861,0
92049,0
43527,0
171660,0
115160,0
76093,0
167710,0
99308,0
140638,0
155637,0
208925,0
206594,0
153990,0
137811,0
28302,0
91985,0
36939,0
184503,0
142519,0
199524,0
167270,0
182532,0
206305,0
68093,0
132975,0
188518,0
171512,0
106705,0
25289,0
101153,0
104797,0
102713,0
103900,0
66053,0
123393,0
205554,0
91270,0
69214,0
194427,0
196091,0
114316,0
41510,0
20908,0
33344,0
101730,0
71423,0
105004,0
58202,0
203241,0
171833,0
81473,0
82950,0
116659,0
106026,0
98648,0
91344,0
94782,0
52496,0
174360,0
121518,0
34430,0
166920,0
211814,0
168951,0
57533,0
79114,0
206491,0
92856,0
52495,0
82439,0
111965,0
206245,0
46559,0
207938,0
106990,0
22734,0
35436,0
34184,0
200042,0
150771,0
47839,0
94153,0
172873,0
99013,0
152151,0
108647,0
211984,0
56918,0
34708,0
50021,0
176042,0
159793,0
217891,0
51896,0
37535,0
43218,0
171569,0
187950,0
74544,0
217096,0
33840,0
52299,0
156526,0
206137,0
211492,0
126913,0
193383,0
101885,0
162855,0
71835,0
186351,0
136376,0
107127,0
115892,0
65553,0
193025,0
139569,0
144719,0
133258,0
187109,0
114661,0
50868,0
49184,0
158487,0
53323,0
163801,0
188569,0
105384,0
208850,0
67406,0
102461,0
64365,0
116630,0
196512,0
89627,0
88141,0
37329,0
42019,0
39636,0
169563,0
31611,0
25368,0
80075,0
204154,0
68808,0
180044,0
180814,0
56923,0
216594,0
42409,0
96219,0
83574,0
49526,0
194159,0
85177,0
49603,0
206765,0
151122,0
77637,0
69058,0
133299,0
159677,0
43140,0
188329,0
137702,0
111302,0
111921,0
149420,0
155886,0
194567,0
138107,0
150450,0
42163,0
210380,0
131835,0
75636,0
142069,0
119931,0
61950,0
137294,0
178074,0
135444,0
110234,0
211741,0
101318,0
62696,0
110110,0
164260,0
41822,0
131730,0
62578,0
178323,0
202999,0
168687,0
51804,0
41772,0
161463,0
68952,0
124008,0
185675,0
163034,0
68457,0
202257,0
33863,0
31499,0
206640,0
168022,0
37414,0
211484,0
123441,0
52571,0
93565,0
205617,0
217641,0
32365,0
30341,0
114287,0
149642,0
205309,0
33402,0
206581,0
57808,0
219095,0
96345,0
182037,0
96306,0
68587,0
161076,0
53722,0
32786,0
71513,0
28316,0
204865,0
182612,0
131953,0
94763,0
135977,0
109743,0
149169,0
53226,0
92476,0
32338,0
165192,0
137640,0
134717,0
170333,0
196352,0
173170,0
172159,0
90532,0
32556,0
118282,0
35313,0
73225,0
172594,0
176676,0
146157,0
185900,0
55849,0
192836,0
38050,0
134271,0
154284,0
29718,0
144430,0
156414,0
190288,0
84910,0
184729,0
22977,0
178528,0
50473,0
135564,0
138797,0
101226,0
35477,0
108517,0
160067,0
142112,0
40772,0
97264,0
37842,0
196559,0
99934,0
36373,0
158698,0
149095,0
213657,0
169501,0
172570,0
111189,0
42673,0
136076,0
54963,0
154893,0
150036,0
54144,0
94780,0
78988,0
64692,0
166945,0
158965,0
84792,0
179597,0
206596,0
130358,0
128695,0
190463,0
189906,0
97575,0
156778,0
26887,0
123002,0
103421,0
34618,0
101077,0
73392,0
91967,0
47419,0
195396,0
219995,0
95050,0
176025,0
163482,0
20369,0
110559,0
21006,0
139864,0
189969,0
106669,0
60116,0
111172,0
62741,0
46219,0
38168,0
184490,0
92491,0
108010,0
65915,0
197950,0
122287,0
47371,0
111213,0
215987,0
28010,0
94718,0
78613,0
201354,0
185812,0
134876,0
98326,0
121579,0
196648,0
81251,0
211980,0
174576,0
139373,0
134685,0
204437,0
32297,0
42788,0
53831,0
32421,0
54596,0
92599,0
203066,0
76451,0
72401,0
33357,0
189311,0
175082,0
196764,0
59400,0
42468,0
34857,0
204136,0
63888,0
209390,0
55523,0
125742,0
29284,0
171365,0
81179,0
158901,0
52020,0
198740,0
177589,0
137224,0
21845,0
46166,0
166940,0
64331,0
21085,0
33358,0
209004,0
118780,0
102469,0
200282,0
70567,0
36756,0
32820,0
47529,0
129249,0
187941,0
176091,0
173084,0
219712,0
144832,0
161028,0
33912,0
77024,0
58940,0
93122,0
46468,0
24472,0
97496,0
66488,0
66308,0
109884,0
72762,0
142333,0
45666,0
101227,0
166134,0
192921,0
205464,0
169458,0
152288,0
115739,0
86080,0
133042,0
37220,0
121299,0
130874,0
207176,0
30737,0
167102,0
110693,0
151207,0
89679,0
67677,0
106516,0
86482,0
94261,0
197906,0
123953,0
32815,0
34889,0
73230,0
45319,0
212749,0
180270,0
135224,0
163411,0
98819,0
47477,0
53612,0
86061,0
31181,0
71082,0
43221,0
181558,0
48732,0
208810,0
160405,0
174886,0
143231,0
179648,0
179388,0
207957,0
113198,0
43934,0
97128,0
97447,0
182125,0
182073,0
159972,0
53164,0
142389,0
54890,0
107527,0
145892,0
45821,0
106857,0
192672,0
168584,0
23182,0
201954,0
53939,0
89333,0
134407,0
122117,0
69582,0
189565,0
181270,0
148887,0
51516,0
24977,0
72580,0
175430,0
105724,0
199205,0
72500,0
196129,0
166850,0
83836,0
29473,0
26083,0
168844,0
90849,0
42172,0
151238,0
203231,0
117897,0
25457,0
66274,0
46829,0
200501,0
33502,0
105907,0
155223,0
188457,0
136914,0
100559,0
157421,0
166320,0
129961,0
93326,0
59432,0
74949,0
91849,0
78469,0
206488,0
44118,0
191905,0
188479,0
85286,0
40614,0
192749,0
195160,0
89432,0
85651,0
214409,0
143282,0
72433,0
37490,0
122736,0
197128,0
191206,0
107969,0
203932,0
92069,0
77807,0
109750,0
213684,0
196713,0
152451,0
42699,0
28500,0
34362,0
119398,0
192206,0
207543,0
135944,0
95584,0
24821,0
103886,0
178955,0
205300,0
132821,0
174556,0
58029,0
61306,0
55150,0
128552,0
200933,0
37905,0
133649,0
53081,0
86742,0
125757,0
150154,0
99608,0
44265,0
219184,0
92681,0
141424,0
74070,0
136689,0
62235,0
84054,0
179431,0
32052,0
174174,0
218616,0
125620,0
131011,0
88004,0
217592,0
34290,0
189874,0
68302,0
84884,0
141762,0
94386,0
20350,0
210304,0
20429,0
47141,0
161447,0
114574,0
89877,0
149993,0
76907,0
217562,0
28173,0
95710,0
55376,0
117216,0
78567,0
192714,0
162134,0
100341,0
150417,0
149648,0
142926,0
132878,0
210438,0
180998,0
133418,0
116834,0
140717,0
188286,0
43511,0
110577,0
135511,0
87675,0
21026,0
157101,0
36507,0
129861,0
106873,0
111729,0
144967,0
63239,0
138564,0
172421,0
138533,0
103078,0
122898,0
121762,0
180747,0
44620,0
192129,0
31922,0
29590,0
28447,0
34217,0
132174,0
36553,0
23275,0
76684,0
207357,0
171876,0
140166,0
71949,0
211323,0
113883,0
162333,0
88420,0
24418,0
166860,0
202013,0
124509,0
31234,0
133538,0
117749,0
109895,0
33023,0
30640,0
193825,0
100478,0
192824,0
90544,0
153378,0
151776,0
133012,0
30689,0
188692,0
55674,0
74409,0
194918,0
201053,0
169921,0
189296,0
176071,0
111668,0
147237,0
94740,0
27901,0
98242,0
191441,0
195632,0
89695,0
186150,0
69709,0
197447,0
206963,0
111942,0
28125,0
81225,0
54856,0
215633,0
66852,0
61228,0
51172,0
97513,0
67841,0
210511,0
73127,0
201742,0
86895,0
34897,0
127676,0
60127,0
110831,0
193898,0
170604,0
181579,0
167668,0
219355,0
103288,0
94436,0
90276,0
205082,0
156864,0
22848,0
201979,0
140280,0
25948,0
192479,0
147545,0
25247,0
179527,0
153522,0
126053,0
117432,0
36905,0
79577,0
111688,0
70268,0
125991,0
110954,0
148824,0
108839,0
116139,0
70933,0
22111,0
48503,0
102232,0
67831,0
213776,0
202186,0
58047,0
56889,0
174323,0
109989,0
33201,0
40150,0
159283,0
116585,0
80136,0
37015,0
215795,0
37371,0
172961,0
48678,0
168810,0
84216,0
205530,0
46231,0
50908,0
207021,0
118880,0
61954,0
48508,0
130058,0
216235,0
171326,0
74376,0
83700,0
77054,0
207129,0
29477,0
136117,0
82543,0
194073,0
115462,0
65010,0
126068,0
56036,0
94303,0
82579,0
132388,0
169063,0
84856,0
84035,0
122687,0
65640,0
210864,0
44921,0
164583,0
203369,0
88074,0
75401,0
39619,0
155194,0
219700,0
210222,0
200596,0
218683,0
129586,0
43609,0
52232,0
74773,0
80431,0
147363,0
211495,0
122172,0
129995,0
113792,0
38692,0
147493,0
153551,0
72944,0
81318,0
47198,0
180475,0
170642,0
218007,0
27621,0
29225,0
33739,0
217784,0
110444,0
175704,0
48767,0
175332,0
219190,0
73840,0
157279,0
108350,0
167043,0
86455,0
176814,0
191562,0
206401,0
113659,0
34812,0
76027,0
154486,0
110543,0
109119,0
185571,0
125380,0
161897,0
25411,0
115222,0
130924,0
133362,0
98368,0
23731,0
184623,0
61777,0
71151,0
102230,0
124781,0
196756,0
198370,0
118800,0
131151,0
77066,0
146701,0
32411,0
191151,0
184246,0
23164,0
137421,0
40065,0
75665,0
114014,0
37815,0
175995,0
123019,0
165627,0
88307,0
153643,0
75465,0
203767,0
125964,0
25526,0
205089,0
109190,0
197041,0
38099,0
49873,0
183838,0
134043,0
71455,0
187011,0
144585,0
165424,0
207746,0
152477,0
197200,0
90272,0
101457,0
32874,0
73724,0
184727,0
74372,0
80196,0
96646,0
180138,0
59707,0
170188,0
53712,0
174998,0
98057,0
161425,0
180978,0
209025,0
181098,0
204376,0
109186,0
168395,0
23395,0
210155,0
145966,0
194083,0
193968,0
32995,0
196794,0
139425,0
167406,0
146815,0
131681,0
38581,0
217690,0
204981,0
130935,0
150295,0
102654,0
179014,0
113440,0
74050,0
62869,0
134984,0
62574,0
56443,0
185890,0
197799,0
35703,0
123134,0
142217,0
190635,0
150005,0
67375,0
90361,0
123841,0
61824,0
143402,0
122092,0
87947,0
106168,0
89376,0
114787,0
137689,0
20425,0
73112,0
30443,0
48586,0
51832,0
38723,0
197237,0
174671,0
45885,0
122911,0
93944,0
215622,0
185981,0
116082,0
181825,0
159183,0
170140,0
116556,0
153803,0
149898,0
148572,0
133107,0
169771,0
60454,0
196847,0
44615,0
71560,0
170889,0
135383,0
192995,0
172428,0
102717,0
216306,0
105426,0
144740,0
153391,0
192843,0
207281,0
201240,0
208841,0
103549,0
126309,0
78125,0
79732,0
160660,0
130339,0
145663,0
123215,0
212526,0
95582,0
31211,0
185235,0
64414,0
28814,0
186101,0
89310,0
99646,0
34736,0
178179,0
43986,0
113120,0
95498,0
102916,0
111036,0
101547,0
171231,0
86748,0
155823,0
203088,0
91230,0
25635,0
203471,0
144289,0
147473,0
41572,0
213191,0
111582,0
190024,0
102121,0
105708,0
95202,0
132785,0
200871,0
197403,0
184713,0
211008,0
155196,0
181892,0
22482,0
62960,0
89056,0
151264,0
54863,0
43526,0
212233,0
218514,0
81547,0
119010,0
212948,0
70992,0
24148,0
63077,0
142777,0
174195,0
121651,0
26368,0
83000,0
137444,0
55791,0
218938,0
108275,0
171002,0
117720,0
28672,0
203308,0
153617,0
68734,0
210291,0
49643,0
60057,0
43713,0
48872,0
128950,0
218345,0
105183,0
56761,0
196470,0
218229,0
35382,0
161155,0
159913,0
201563,0
32757,0
147196,0
44297,0
213263,0
176063,0
161803,0
49566,0
145477,0
118389,0
104700,0
81061,0
162074,0
103079,0
191344,0
196000,0
35757,0
69708,0
99140,0
83372,0
183981,0
146895,0
128151,0
136620,0
104952,0
44707,0
85042,0
121932,0
197778,0
197309,0
196828,0
87823,0
41478,0
52086,0
92333,0
86021,0
125050,0
143835,0
89392,0
71618,0
133713,0
195802,0
210554,0
59213,0
132150,0
140750,0
166094,0
28858,0
155995,0
28854,0
189145,0
121502,0
117334,0
131442,0
100264,0
114383,0
24905,0
153879,0
116158,0
33116,0
126804,0
57650,0
178466,0
159253,0
84781,0
26783,0
168922,0
163751,0
144698,0
179210,0
23102,0
134211,0
57984,0
44600,0
35574,0
147616,0
73129,0
183456,0
66127,0
213896,0
73772,0
91251,0
116719,0
198275,0
85739,0
42915,0
70849,0
131352,0
111743,0
196938,0
49754,0
123493,0
172373,0
83578,0
151719,0
207449,0
207181,0
155604,0
185771,0
79834,0
22475,0
51099,0
202961,0
212964,0
157374,0
119955,0
93670,0
131474,0
204107,0
77753,0
133389,0
137809,0
78066,0
213228,0
201246,0
124514,0
61513,0
120885,0
56336,0
34985,0
158784,0
136095,0
133149,0
46051,0
133074,0
120300,0
214626,0
69818,0
47560,0
75574,0
128994,0
34929,0
193619,0
51754,0
111042,0
106369,0
59969,0
112368,0
208032,0
97459,0
21978,0
99725,0
86437,0
54122,0
121179,0
107905,0
54681,0
131572,0
184063,0
156877,0
87847,0
157968,0
65562,0
205315,0
71168,0
142347,0
55181,0
80834,0
109089,0
63859,0
37752,0
79843,0
211108,0
211728,0
211201,0
92194,0
22653,0
203622,0
26704,0
43447,0
56910,0
100498,0
38738,0
66523,0
64372,0
215937,0
60267,0
127785,0
210563,0
182693,0
126580,0
31367,0
46388,0
85255,0
96958,0
80998,0
131515,0
198986,0
64505,0
124218,0
178727,0
76220,0
35542,0
80938,0
59859,0
120125,0
81777,0
183412,0
216103,0
123259,0
47253,0
149887,0
113067,0
110944,0
147581,0
145869,0
196706,0
193363,0
69931,0
111274,0
127123,0
66459,0
66637,0
87031,0
202825,0
82296,0
57212,0
68669,0
108945,0
113034,0
159199,0
138406,0
205336,0
63187,0
137041,0
22801,0
73494,0
80499,0
189292,0
167040,0
28971,0
77916,0
52272,0
46718,0
48164,0
120583,0
212377,0
136171,0
219569,0
133416,0
50984,0
124559,0
179979,0
201280,0
127042,0
101938,0
157210,0
178860,0
112364,0
178105,0
77964,0
142121,0
194321,0
141785,0
64676,0
158363,0
205564,0
48538,0
79145,0
171240,0
66421,0
73186,0
91419,0
213382,0
204901,0
133375,0
28186,0
26908,0
133802,0
111886,0
71791,0
109179,0
116443,0
74083,0
58469,0
26656,0
172562,0
49146,0
114683,0
86780,0
40049,0
196089,0
113762,0
96278,0
61667,0
22010,0
81752,0
138852,0
160380,0
191283,0
170202,0
83194,0
48761,0
129877,0
48108,0
98475,0
144230,0
83143,0
34123,0
199476,0
81185,0
126941,0
214334,0
100152,0
207431,0
147264,0
114026,0
126121,0
207976,0
124490,0
41828,0
40206,0
63333,0
216201,0
65153,0
158150,0
50665,0
154403,0
47792,0
150209,0
114669,0
212125,0
88990,0
180612,0
53647,0
162695,0
85852,0
83106,0
175744,0
61845,0
213747,0
167449,0
206901,0
123522,0
46356,0
110546,0
210396,0
207637,0
61282,0
159484,0
194753,0
163186,0
43006,0
144012,0
178061,0
71415,0
30999,0
69485,0
92537,0
51509,0
29831,0
98452,0
58895,0
203624,0
32427,0
65854,0
48231,0
189151,0
80772,0
142417,0
73599,0
98548,0
49642,0
146867,0
188508,0
118566,0
105621,0
107819,0
61414,0
96070,0
181426,0
139842,0
27096,0
64366,0
115296,0
56768,0
151095,0
167895,0
191203,0
69942,0
83444,0
89007,0
154427,0
106281,0
209524,0
192758,0
79407,0
27741,0
160631,0
99854,0
146926,0
123790,0
182877,0
154384,0
113706,0
73500,0
40113,0
151888,0
85806,0
201973,0
198904,0
194482,0
49076,0
174996,0
217939,0
118382,0
57912,0
191972,0
55927,0
46368,0
155034,0
34483,0
78517,0
82589,0
118670,0
49880,0
38094,0
75748,0
124136,0
78583,0
140055,0
34567,0
89084,0
116319,0
31222,0
67698,0
38498,0
190743,0
61418,0
50877,0
102195,0
101728,0
85911,0
77592,0
119470,0
216400,0
104829,0
140461,0
77908,0
111154,0
203046,0
92225,0
55071,0
65869,0
80932,0
190808,0
86283,0
74325,0
212938,0
104502,0
40719,0
108872,0
171065,0
216457,0
179773,0
178881,0
186775,0
46691,0
214119,0
115801,0
194476,0
195146,0
172289,0
142646,0
122382,0
201000,0
67577,0
101661,0
100668,0
150312,0
113186,0
76890,0
97276,0
140108,0
196867,0
143047,0
218693,0
202882,0
24884,0
156543,0
161397,0
217890,0
191053,0
170754,0
201672,0
70721,0
30455,0
196160,0
202123,0
208302,0
137612,0
154270,0
83941,0
135467,0
86533,0
45802,0
59868,0
201412,0
107518,0
75414,0
124373,0
193219,0
31532,0
87703,0
52439,0
44666,0
114100,0
128089,0
110555,0
171713,0
182530,0
211143,0
70247,0
182996,0
177177,0
174213,0
144425,0
171173,0
92566,0
36277,0
215077,0
186396,0
152679,0
163042,0
141404,0
159860,0
94068,0
95678,0
136221,0
39847,0
121926,0
122193,0
129091,0
171523,0
112873,0
140881,0
151536,0
99894,0
201258,0
216917,0
73659,0
44582,0
154254,0
67772,0
139434,0
78903,0
141067,0
202165,0
211164,0
204690,0
75763,0
174026,0
190928,0
133075,0
214648,0
177008,0
77366,0
36139,0
103229,0
48093,0
38198,0
176880,0
108138,0
36073,0
125426,0
151389,0
54089,0
35296,0
144572,0
117922,0
178954,0
29844,0
72874,0
102359,0
213305,0
168067,0
132478,0
181978,0
82444,0
65602,0
27540,0
163379,0
60392,0
134920,0
209193,0
165155,0
191594,0
192704,0
37703,0
82874,0
139293,0
85444,0
117074,0
32166,0
157232,0
166263,0
100563,0
115657,0
55978,0
182547,0
79372,0
48533,0
194669,0
110863,0
185862,0
137086,0
76190,0
41850,0
35229,0
58204,0
25174,0
31614,0
51356,0
150454,0
79242,0
33805,0
89406,0
72437,0
53874,0
166534,0
74174,0
33518,0
178977,0
159896,0
103725,0
165781,0
110259,0
21428,0
50009,0
175815,0
191502,0
112331,0
157156,0
161232,0
33039,0
183403,0
35988,0
53470,0
36975,0
164017,0
99245,0
184678,0
169294,0
218117,0
205465,0
71709,0
34222,0
29326,0
168055,0
159522,0
169202,0
209253,0
80141,0
145360,0
57506,0
166361,0
72181,0
143226,0
214241,0
195097,0
144274,0
173566,0
49599,0
110291,0
124267,0
144058,0
190415,0
196795,0
200583,0
133930,0
148556,0
150682,0
60703,0
57568,0
75998,0
81975,0
66855,0
68394,0
58578,0
57492,0
150728,0
23575,0
125962,0
207179,0
53173,0
115888,0
209874,0
90874,0
200912,0
194704,0
62004,0
46913,0
107320,0
175630,0
44664,0
184313,0
213889,0
160776,0
170875,0
51107,0
40828,0
39415,0
179996,0
200159,0
134779,0
135943,0
107128,0
190347,0
187969,0
112363,0
25973,0
22181,0
218112,0
104495,0
131449,0
91512,0
145503,0
141467,0
132928,0
212653,0
108430,0
85818,0
70156,0
82743,0
210305,0
168910,0
43804,0
78370,0
53171,0
95566,0
147829,0
209267,0
132820,0
185984,0
63255,0
58772,0
179066,0
94236,0
169600,0
129113,0
125683,0
151852,0
132437,0
66473,0
161676,0
96385,0
198842,0
207288,0
53729,0
174337,0
137042,0
194376,0
165353,0
131840,0
214706,0
194060,0
167646,0
183507,0
36077,0
59866,0
87431,0
79267,0
184542,0
104179,0
30171,0
172656,0
96493,0
58543,0
204287,0
129919,0
205243,0
98909,0
212314,0
155375,0
71931,0
92960,0
50905,0
149088,0
106043,0
128767,0
179273,0
205549,0
57355,0
204150,0
114363,0
93566,0
118270,0
27972,0
185513,0
189095,0
54251,0
136265,0
110534,0
203670,0
115857,0
197921,0
119622,0
49798,0
59091,0
45304,0
151930,0
132580,0
66278,0
182288,0
44391,0
175141,0
143268,0
27917,0
106210,0
34046,0
179767,0
174688,0
188482,0
145995,0
129643,0
27412,0
129197,0
124287,0
188773,0
158430,0
157326,0
173700,0
135867,0
168572,0
163850,0
194740,0
192379,0
192645,0
59572,0
141833,0
33573,0
161580,0
216022,0
101207,0
67093,0
161677,0
153939,0
99939,0
196629,0
127566,0
128345,0
213142,0
115923,0
187227,0
167518,0
151937,0
76917,0
36883,0
123358,0
204062,0
130795,0
74524,0
115357,0
22000,0
60917,0
149990,0
206089,0
198364,0
62662,0
68992,0
55002,0
61583,0
125734,0
46470,0
58321,0
170200,0
113443,0
134275,0
99254,0
165199,0
20363,0
37807,0
30828,0
43728,0
218577,0
92137,0
45411,0
125472,0
134287,0
108196,0
59076,0
198626,0
41423,0
192287,0
21622,0
32883,0
93324,0
206111,0
129009,0
64454,0
173575,0
71822,0
33073,0
30847,0
77785,0
41386,0
125031,0
206427,0
69633,0
188071,0
135250,0
58367,0
102687,0
145406,0
119883,0
97351,0
111860,0
23043,0
104657,0
92958,0
191121,0
177866,0
43823,0
72019,0
182702,0
141232,0
82215,0
192866,0
89668,0
129132,0
173418,0
158951,0
136747,0
67509,0
120821,0
139213,0
55513,0
141068,0
96205,0
23400,0
61848,0
143803,0
199800,0
200317,0
143675,0
105323,0
42520,0
107885,0
57674,0
218924,0
103183,0
32963,0
209206,0
63670,0
29394,0
211770,0
49719,0
40626,0
141261,0
104026,0
139706,0
184384,0
21257,0
187736,0
147267,0
54318,0
157983,0
216028,0
129657,0
197742,0
166831,0
166491,0
132536,0
196642,0
87470,0
207839,0
118674,0
149266,0
156387,0
23740,0
153088,0
135798,0
62384,0
71015,0
112640,0
23885,0
209519,0
202908,0
153535,0
124596,0
189197,0
211569,0
20220,0
211828,0
56819,0
159189,0
27839,0
195971,0
35502,0
203153,0
59555,0
73122,0
60209,0
24256,0
162085,0
71069,0
25602,0
207862,0
84020,0
141871,0
41617,0
93798,0
185597,0
200884,0
102655,0
90540,0
190477,0
82677,0
113243,0
49112,0
179973,0
33398,0
113165,0
168062,0
215231,0
87893,0
146596,0
41629,0
70740,0
30163,0
89594,0
130131,0
129221,0
92295,0
98653,0
134247,0
193070,0
73454,0
141247,0
51870,0
156764,0
169773,0
76901,0
187639,0
52888,0
110297,0
203151,0
142493,0
150045,0
76345,0
30499,0
43739,0
173154,0
66859,0
65103,0
175580,0
150133,0
109529,0
35114,0
44500,0
207387,0
109559,0
92917,0
173241,0
130483,0
51506,0
214687,0
171057,0
186915,0
101478,0
54707,0
48634,0
27639,0
211906,0
158635,0
106115,0
136578,0
99956,0
85505,0
68250,0
69605,0
154967,0
82389,0
34380,0
28817,0
132343,0
66893,0
168946,0
190253,0
116776,0
115730,0
213107,0
219480,0
163536,0
102721,0
140178,0
121889,0
194686,0
111065,0
20042,0
62390,0
181914,0
207446,0
60475,0
61420,0
182378,0
120068,0
79958,0
119644,0
122468,0
179027,0
156298,0
129391,0
31039,0
36540,0
124744,0
147450,0
182263,0
132037,0
126159,0
78384,0
136244,0
160322,0
101789,0
164018,0
197927,0
214384,0
144109,0
37630,0
129242,0
142336,0
174779,0
209588,0
200375,0
61911,0
218054,0
58509,0
39795,0
110858,0
45159,0
41255,0
67979,0
63425,0
97708,0
211540,0
53876,0
92121,0
167307,0
22374,0
112441,0
56144,0
163642,0
113410,0
23180,0
216446,0
79874,0
118267,0
101444,0
24584,0
180409,0
95536,0
95254,0
200169,0
142885,0
116086,0
77859,0
22898,0
200363,0
142320,0
116941,0
35405,0
82705,0
33266,0
137729,0
144619,0
161289,0
97916,0
176430,0
145801,0
120631,0
203612,0
190906,0
111814,0
32636,0
162046,0
46901,0
91640,0
118451,0
112790,0
28194,0
66832,0
77645,0
195234,0
27611,0
209481,0
146750,0
100031,0
76033,0
119503,0
22666,0
188422,0
174124,0
91595,0
180635,0
155697,0
185194,0
146751,0
113785,0
108000,0
178351,0
97509,0
154299,0
141600,0
167451,0
112542,0
88203,0
206180,0
59599,0
109084,0
116349,0
133861,0
94545,0
21993,0
51161,0
35287,0
149054,0
34617,0
51250,0
78433,0
200879,0
149469,0
30293,0
174587,0
119986,0
125841,0
204439,0
157496,0
102940,0
40361,0
43094,0
138087,0
123118,0
36007,0
43114,0
59228,0
215075,0
83459,0
199566,0
141095,0
122491,0
29529,0
147981,0
100055,0
66987,0
114077,0
160072,0
66923,0
214770,0
33407,0
188308,0
212606,0
102561,0
150135,0
214332,0
119858,0
63678,0
94092,0
172996,0
119021,0
180526,0
148287,0
148980,0
138904,0
106091,0
166303,0
102845,0
209230,0
141668,0
29951,0
118275,0
60386,0
28489,0
162706,0
183967,0
41557,0
35525,0
63139,0
199008,0
46692,0
33559,0
199585,0
160196,0
89937,0
213903,0
62851,0
22506,0
29167,0
122440,0
163599,0
219640,0
134722,0
127198,0
133288,0
28510,0
184719,0
135642,0
217926,0
20447,0
56870,0
118095,0
34231,0
67333,0
98209,0
162740,0
119343,0
65573,0
210440,0
191540,0
139473,0
109515,0
61713,0
168854,0
29838,0
189436,0
83593,0
118355,0
47504,0
188418,0
177489,0
191947,0
106243,0
43534,0
39390,0
152994,0
147446,0
142023,0
54028,0
168247,0
112559,0
217718,0
125755,0
87346,0
179222,0
20075,0
93441,0
65029,0
63500,0
145508,0
193355,0
23697,0
117219,0
156845,0
100982,0
133275,0
138394,0
207897,0
119832,0
83986,0
31624,0
193990,0
204445,0
120525,0
93808,0
140728,0
85260,0
127547,0
60732,0
126008,0
117167,0
142952,0
200594,0
26054,0
189396,0
76981,0
214216,0
48433,0
22234,0
54463,0
95979,0
193931,0
20943,0
196356,0
179592,0
141408,0
104673,0
117882,0
173404,0
88717,0
100039,0
175647,0
122236,0
88971,0
143455,0
97723,0
155097,0
84163,0
153142,0
42241,0
92487,0
39802,0
173201,0
173650,0
138882,0
104514,0
111617,0
181149,0
48577,0
167315,0
87673,0
24690,0
27107,0
101913,0
185914,0
22736,0
128297,0
42184,0
148805,0
95475,0
196682,0
183728,0
170072,0
30741,0
22597,0
25038,0
189724,0
193079,0
103979,0
107224,0
117356,0
38145,0
53374,0
101939,0
122137,0
206780,0
145605,0
29900,0
79731,0
207690,0
51025,0
161898,0
176969,0
132500,0
90657,0
78168,0
92388,0
82839,0
109315,0
25241,0
139054,0
218303,0
213573,0
39729,0
75988,0
108236,0
107244,0
27643,0
111730,0
159140,0
161341,0
123650,0
22457,0
200053,0
205912,0
97226,0
45218,0
89112,0
99736,0
54738,0
201645,0
32676,0
151107,0
59545,0
71990,0
74722,0
60357,0
174316,0
162827,0
51603,0
206558,0
159562,0
173634,0
131101,0
82386,0
141286,0
195189,0
76944,0
170203,0
28433,0
190025,0
59536,0
74705,0
119630,0
95261,0
137226,0
189358,0
117658,0
96055,0
25494,0
100727,0
57127,0
176709,0
181744,0
67910,0
102349,0
54221,0
44275,0
78644,0
197333,0
173602,0
50025,0
205048,0
127738,0
190029,0
60200,0
36366,0
37413,0
168849,0
198084,0
54724,0
201389,0
216107,0
219989,0
144697,0
85602,0
138832,0
81511,0
191409,0
82877,0
144517,0
26005,0
125511,0
22393,0
198339,0
158289,0
27572,0
206533,0
129778,0
54372,0
118895,0
76752,0
22507,0
78848,0
127561,0
94805,0
179622,0
45910,0
137500,0
27297,0
117363,0
209743,0
195404,0
187459,0
112145,0
37859,0
65321,0
121216,0
141586,0
131485,0
127798,0
85150,0
100092,0
73132,0
70895,0
194385,0
74946,0
100427,0
136213,0
32055,0
75163,0
30471,0
26868,0
154090,0
205675,0
99992,0
46782,0
36404,0
62318,0
104832,0
25829,0
40380,0
92642,0
142377,0
209726,0
195675,0
155077,0
52410,0
101914,0
108246,0
47087,0
136223,0
195600,0
76603,0
92630,0
92505,0
69546,0
188345,0
123587,0
54614,0
66219,0
78793,0
83708,0
108457,0
172883,0
57785,0
147561,0
115124,0
202550,0
74456,0
165868,0
34681,0
190506,0
143233,0
44713,0
22878,0
149958,0
83660,0
189160,0
91136,0
112744,0
155448,0
176443,0
164724,0
124747,0
27975,0
146825,0
177744,0
79325,0
78839,0
199532,0
50925,0
191575,0
182137,0
98305,0
78809,0
119475,0
52009,0
145712,0
217885,0
155876,0
187880,0
102734,0
84585,0
33665,0
138996,0
119870,0
167684,0
173267,0
61602,0
117653,0
109968,0
58040,0
198164,0
29097,0
209843,0
101118,0
148352,0
108393,0
43111,0
130302,0
189278,0
135132,0
119347,0
82725,0
156437,0
180024,0
196535,0
52729,0
187645,0
161258,0
101870,0
135791,0
196072,0
219651,0
136235,0
161168,0
155418,0
67499,0
134331,0
94419,0
59229,0
77611,0
149693,0
165420,0
115557,0
51320,0
178827,0
83380,0
212061,0
202293,0
191862,0
84243,0
38525,0
184543,0
209835,0
64344,0
143381,0
48957,0
32740,0
68164,0
66756,0
56683,0
32631,0
38329,0
166936,0
141222,0
41542,0
156449,0
70744,0
166284,0
76885,0
32648,0
202159,0
195771,0
192831,0
152163,0
151531,0
90151,0
91555,0
171899,0
44530,0
195169,0
51808,0
199435,0
25462,0
146876,0
148061,0
150026,0
29101,0
46614,0
191572,0
83794,0
59878,0
33149,0
187076,0
63452,0
59818,0
146268,0
141199,0
174313,0
58350,0
177110,0
49927,0
215982,0
117421,0
88267,0
89586,0
64512,0
42276,0
89353,0
183758,0
202563,0
90451,0
117278,0
100784,0
133660,0
135629,0
88553,0
52484,0
130248,0
201774,0
180683,0
166196,0
196641,0
104247,0
81047,0
117974,0
21371,0
151500,0
169833,0
58549,0
97671,0
114482,0
71384,0
176537,0
178645,0
190780,0
52686,0
192708,0
141739,0
147817,0
184033,0
106273,0
58917,0
29790,0
182392,0
53024,0
100205,0
193229,0
212036,0
41283,0
128039,0
25122,0
157108,0
143267,0
151470,0
192764,0
202756,0
134079,0
167945,0
140604,0
71553,0
130855,0
126543,0
103546,0
64252,0
198462,0
109965,0
55058,0
168396,0
106353,0
75411,0
114879,0
100241,0
188190,0
67830,0
200744,0
149750,0
180183,0
25445,0
103484,0
202928,0
206724,0
29684,0
94735,0
43177,0
127282,0
100906,0
175263,0
57508,0
158604,0
82700,0
165879,0
93935,0
46780,0
47182,0
98374,0
52381,0
206224,0
216313,0
202375,0
27258,0
76011,0
130209,0
21549,0
202440,0
101006,0
136925,0
29018,0
188050,0
97825,0
134117,0
201204,0
195796,0
142872,0
34297,0
96334,0
158852,0
129281,0
30933,0
94878,0
63481,0
103254,0
71981,0
200466,0
28831,0
64844,0
137018,0
105455,0
136997,0
53018,0
78065,0
60426,0
43122,0
186840,0
197694,0
169492,0
149577,0
99343,0
69353,0
102575,0
68249,0
180432,0
202356,0
28033,0
102096,0
198053,0
197762,0
219139,0
61863,0
179772,0
157307,0
45185,0
118842,0
201388,0
215601,0
194361,0
182112,0
122669,0
146771,0
139647,0
188908,0
48457,0
72660,0
91524,0
65580,0
25788,0
144252,0
140639,0
98237,0
163158,0
89728,0
138605,0
131241,0
149348,0
101793,0
25508,0
184576,0
64167,0
129188,0
87681,0
217249,0
59051,0
74863,0
130611,0
199579,0
138090,0
99683,0
194739,0
64928,0
110188,0
195246,0
159232,0
174805,0
35938,0
164459,0
20141,0
120524,0
59643,0
178584,0
58960,0
165463,0
174890,0
27054,0
183461,0
173652,0
217038,0
170468,0
123054,0
57626,0
186415,0
166356,0
123673,0
163012,0
176083,0
199804,0
127591,0
213863,0
147091,0
48576,0
95034,0
76472,0
160920,0
111111,0
136361,0
95174,0
132636,0
176177,0
191676,0
95077,0
106718,0
76486,0
216115,0
160019,0
78181,0
50890,0
147759,0
195315,0
163217,0
84695,0
133445,0
48117,0
172335,0
136203,0
86169,0
190058,0
128956,0
74647,0
140595,0
111728,0
196239,0
140257,0
187048,0
60115,0
53964,0
40516,0
85079,0
82419,0
141233,0
38573,0
170957,0
92079,0
32609,0
97590,0
134793,0
37066,0
121289,0
120735,0
80437,0
174056,0
180353,0
54498,0
91465,0
171816,0
39156,0
105787,0
53601,0
78436,0
72055,0
48103,0
155909,0
211676,0
62749,0
57305,0
74475,0
82155,0
57326,0
63270,0
128554,0
63447,0
65515,0
183043,0
216502,0
58822,0
156578,0
23792,0
152803,0
145630,0
195204,0
115582,0
105418,0
93641,0
184285,0
66984,0
105635,0
117309,0
137658,0
69100,0
161831,0
118188,0
69198,0
33560,0
66371,0
30073,0
20177,0
89819,0
199977,0
179000,0
80166,0
46394,0
56896,0
125813,0
198145,0
146548,0
33272,0
177402,0
96791,0
50973,0
57321,0
24966,0
69135,0
183258,0
64360,0
105903,0
197577,0
92632,0
169759,0
154244,0
22620,0
146277,0
56954,0
204538,0
179457,0
173426,0
176356,0
168377,0
43351,0
25339,0
189708,0
62014,0
75732,0
155045,0
161672,0
89062,0
215864,0
90754,0
29170,0
76859,0
33384,0
53079,0
192852,0
138294,0
173340,0
159477,0
52575,0
78551,0
101775,0
113221,0
170046,0
90571,0
134163,0
155808,0
61453,0
172761,0
44008,0
39923,0
63312,0
64751,0
23273,0
37589,0
79559,0
218831,0
121442,0
54099,0
68427,0
150597,0
40119,0
143575,0
114219,0
194278,0
73243,0
153222,0
195197,0
170671,0
48795,0
56028,0
93408,0
113272,0
197238,0
102071,0
76329,0
136104,0
48455,0
137661,0
76564,0
36849,0
210360,0
41034,0
123710,0
126519,0
193419,0
36123,0
158673,0
202947,0
113729,0
147368,0
196745,0
47643,0
187039,0
169562,0
143436,0
160046,0
41821,0
158271,0
115211,0
182619,0
72861,0
54820,0
103044,0
192162,0
136542,0
129886,0
193393,0
53246,0
132192,0
92596,0
194996,0
122395,0
199976,0
217252,0
55027,0
66782,0
103090,0
75286,0
207760,0
38395,0
58568,0
85354,0
118646,0
178373,0
215115,0
46808,0
72726,0
173871,0
64762,0
151148,0
196150,0
214572,0
140569,0
117426,0
35431,0
140206,0
129169,0
60804,0
190909,0
163890,0
81507,0
198706,0
50481,0
79286,0
114182,0
26874,0
38155,0
212140,0
158188,0
204736,0
158590,0
80284,0
39963,0
25862,0
132658,0
45036,0
150898,0
152519,0
120088,0
147553,0
172104,0
138841,0
180666,0
77278,0
26406,0
128263,0
129209,0
196702,0
181256,0
58780,0
31483,0
137888,0
162761,0
41748,0
157354,0
213411,0
188510,0
202335,0
195291,0
106840,0
68092,0
207527,0
63683,0
109679,0
36193,0
108437,0
21324,0
30963,0
35176,0
124805,0
79094,0
148005,0
129814,0
61017,0
65735,0
112610,0
182810,0
22688,0
164828,0
39664,0
51128,0
65714,0
38225,0
97521,0
40671,0
30362,0
28402,0
178770,0
175599,0
119384,0
148275,0
184541,0
157979,0
201456,0
22615,0
158991,0
160184,0
39801,0
146170,0
125114,0
159801,0
95300,0
200010,0
70391,0
178277,0
116405,0
188406,0
179737,0
54703,0
45004,0
24400,0
34592,0
126025,0
131770,0
139802,0
62962,0
45846,0
163125,0
94205,0
28461,0
215044,0
203590,0
86245,0
214493,0
131127,0
165321,0
205262,0
172638,0
166977,0
171972,0
106549,0
191169,0
99515,0
162900,0
161793,0
195488,0
160826,0
71606,0
24439,0
60278,0
109328,0
126697,0
106682,0
91980,0
214802,0
112252,0
151961,0
97219,0
137001,0
91141,0
183906,0
46960,0
54583,0
175301,0
174034,0
119638,0
120442,0
56903,0
56582,0
91411,0
58946,0
35294,0
214779,0
118283,0
94968,0
44304,0
185531,0
101500,0
101183,0
26002,0
70206,0
175440,0
120111,0
121750,0
183486,0
39462,0
143040,0
61210,0
91914,0
57311,0
201188,0
152864,0
202973,0
91983,0
97768,0
72563,0
200818,0
194998,0
132351,0
26748,0
207204,0
182082,0
202046,0
156027,0
212026,0
29189,0
37466,0
202806,0
199060,0
84737,0
192380,0
88954,0
177060,0
80228,0
134403,0
25043,0
60570,0
195411,0
20986,0
203609,0
41613,0
194536,0
26991,0
156776,0
161428,0
106540,0
37660,0
80871,0
200622,0
135848,0
76409,0
157403,0
126481,0
104390,0
198090,0
174683,0
117677,0
158557,0
208544,0
135586,0
123668,0
43095,0
124976,0
217957,0
108643,0
107689,0
167012,0
64533,0
91510,0
97047,0
175800,0
175959,0
21744,0
172998,0
34798,0
83237,0
68795,0
132639,0
137943,0
37400,0
202586,0
214535,0
208642,0
119462,0
31803,0
215496,0
53492,0
33701,0
197050,0
64761,0
96422,0
67112,0
76296,0
133942,0
113549,0
196002,0
174646,0
69177,0
127699,0
42500,0
36963,0
106224,0
86995,0
52267,0
46825,0
137278,0
159321,0
201659,0
53297,0
121909,0
54745,0
29566,0
124360,0
98832,0
27949,0
198396,0
75656,0
144829,0
134477,0
202913,0
113953,0
105282,0
72297,0
213542,0
177268,0
165320,0
133458,0
138930,0
131557,0
87785,0
187660,0
184003,0
130192,0
76599,0
45246,0
94251,0
169021,0
202129,0
62280,0
187253,0
36501,0
138346,0
219810,0
25398,0
151141,0
83353,0
188527,0
64734,0
67827,0
186949,0
21843,0
91867,0
101858,0
92493,0
157276,0
25482,0
164956,0
119949,0
61872,0
83778,0
136164,0
174541,0
180822,0
174893,0
127476,0
64158,0
124560,0
65633,0
30501,0
192490,0
52683,0
193791,0
138709,0
72878,0
57242,0
205434,0
70042,0
211053,0
180671,0
194214,0
42640,0
156441,0
171892,0
39883,0
152358,0
175610,0
120818,0
60416,0
203372,0
85344,0
191847,0
69200,0
91120,0
67694,0
179820,0
169925,0
127377,0
194862,0
168765,0
150693,0
38389,0
198800,0
75098,0
33744,0
179681,0
144784,0
103195,0
151457,0
136879,0
197942,0
161409,0
101967,0
89192,0
149100,0
108523,0
24534,0
127926,0
78424,0
189861,0
102080,0
26446,0
127641,0
139675,0
200643,0
67172,0
143843,0
75987,0
205351,0
152421,0
59973,0
172840,0
126579,0
54895,0
147018,0
166689,0
201166,0
56873,0
130567,0
110930,0
198350,0
210961,0
36957,0
126035,0
78325,0
195764,0
169232,0
163912,0
202234,0
182483,0
74774,0
45249,0
50166,0
95733,0
39576,0
48111,0
191868,0
160680,0
135297,0
189175,0
106019,0
112533,0
54335,0
145140,0
65009,0
202422,0
27064,0
151985,0
27979,0
188869,0
77482,0
138122,0
187916,0
94316,0
65287,0
190560,0
57073,0
129912,0
42084,0
59774,0
22844,0
55287,0
211373,0
40053,0
201783,0
43673,0
207027,0
93237,0
180367,0
160217,0
117343,0
179753,0
60516,0
132596,0
52491,0
168760,0
93423,0
212649,0
69375,0
69241,0
156030,0
101605,0
217853,0
55821,0
40198,0
78005,0
92207,0
25137,0
217120,0
33436,0
124786,0
135286,0
179463,0
37182,0
70821,0
132117,0
47199,0
142342,0
94173,0
216509,0
215566,0
118431,0
36965,0
71246,0
67038,0
128202,0
46773,0
44901,0
38413,0
75623,0
183191,0
183528,0
67681,0
196196,0
96295,0
84041,0
124430,0
214155,0
86882,0
148560,0
77648,0
129387,0
109929,0
150213,0
159757,0
66603,0
204532,0
34742,0
58958,0
77143,0
147388,0
209184,0
156447,0
183757,0
109983,0
123783,0
45388,0
175676,0
47625,0
111909,0
206317,0
160773,0
99334,0
130195,0
107738,0
117163,0
146727,0
192589,0
107053,0
215326,0
152343,0
128353,0
74135,0
185503,0
48919,0
164253,0
90146,0
218232,0
114364,0
120421,0
143290,0
212231,0
186519,0
102601,0
111192,0
167164,0
90541,0
46172,0
214645,0
21420,0
187443,0
208945,0
95946,0
211439,0
103511,0
184185,0
161536,0
212116,0
79304,0
26957,0
148661,0
21004,0
103544,0
84762,0
172728,0
181247,0
155342,0
149938,0
26619,0
191906,0
143221,0
35589,0
42507,0
150385,0
156828,0
213817,0
27813,0
142908,0
63612,0
57438,0
211370,0
157808,0
51260,0
83886,0
120781,0
42646,0
51796,0
54352,0
193589,0
95279,0
77037,0
191543,0
125186,0
155594,0
177853,0
76307,0
195593,0
56370,0
173716,0
73605,0
68299,0
218118,0
149210,0
37600,0
196347,0
218148,0
28547,0
201445,0
121686,0
110769,0
145585,0
115680,0
215618,0
118917,0
34114,0
31771,0
87517,0
183004,0
208206,0
85076,0
216437,0
153754,0
178970,0
44220,0
76009,0
184421,0
87664,0
67995,0
66290,0
134164,0
43288,0
217075,0
177239,0
100641,0
115996,0
91855,0
177612,0
38655,0
76250,0
157315,0
51931,0
20862,0
59409,0
157700,0
115807,0
64705,0
47494,0
207847,0
43757,0
92212,0
145185,0
34084,0
103852,0
32463,0
110645,0
179556,0
175828,0
144733,0
42242,0
88673,0
82452,0
114479,0
47242,0
104971,0
106650,0
166293,0
152326,0
169689,0
168345,0
99018,0
174205,0
197167,0
130262,0
163150,0
181424,0
42724,0
55611,0
102536,0
77881,0
48456,0
90149,0
219702,0
204466,0
135036,0
216601,0
106550,0
92450,0
201624,0
194940,0
44904,0
132528,0
143259,0
70313,0
154731,0
184350,0
66560,0
93856,0
86964,0
195968,0
157398,0
140392,0
82366,0
116229,0
69932,0
182226,0
191680,0
137972,0
164374,0
54330,0
112418,0
210194,0
44948,0
136514,0
74966,0
78189,0
147821,0
22422,0
137362,0
21570,0
69716,0
146992,0
217310,0
144356,0
98069,0
109707,0
109205,0
212491,0
33532,0
132612,0
194926,0
43396,0
144114,0
50331,0
26637,0
216029,0
55839,0
140577,0
108920,0
106374,0
126364,0
186258,0
152396,0
131170,0
79717,0
26469,0
178874,0
136541,0
74941,0
186489,0
87304,0
199012,0
85253,0
60633,0
172099,0
23921,0
108127,0
171285,0
178230,0
22256,0
103061,0
79256,0
171755,0
192507,0
46949,0
102034,0
80405,0
29384,0
34542,0
120806,0
202853,0
164783,0
107617,0
108876,0
94557,0
164453,0
178879,0
88351,0
180933,0
189321,0
122543,0
57756,0
154714,0
173134,0
50316,0
119316,0
141435,0
113178,0
174186,0
120299,0
207671,0
188964,0
38419,0
71500,0
168210,0
114038,0
192506,0
104330,0
117169,0
187622,0
139836,0
198458,0
46082,0
218416,0
122483,0
51984,0
90753,0
35785,0
159448,0
35317,0
50468,0
186600,0
87255,0
67746,0
146905,0
161078,0
186677,0
166405,0
211284,0
52121,0
185225,0
204945,0
89243,0
94577,0
49962,0
77430,0
128774,0
113397,0
117205,0
64785,0
119680,0
50824,0
213150,0
27219,0
42220,0
179346,0
48413,0
108470,0
136046,0
213856,0
73483,0
190214,0
171699,0
23803,0
195049,0
130799,0
103142,0
133359,0
34551,0
203258,0
96498,0
26170,0
187033,0
196765,0
45607,0
187710,0
86826,0
125187,0
174189,0
78895,0
195636,0
207400,0
37962,0
31288,0
209484,0
86490,0
117431,0
167465,0
178923,0
29544,0
116189,0
46020,0
138542,0
201823,0
105474,0
76396,0
92621,0
80235,0
59999,0
145294,0
165712,0
20171,0
198098,0
155650,0
160168,0
33076,0
137748,0
23588,0
113599,0
189597,0
89880,0
211595,0
123688,0
217953,0
185460,0
114761,0
211578,0
213764,0
190444,0
188784,0
186160,0
202232,0
179730,0
68805,0
139531,0
181854,0
162455,0
47240,0
149688,0
189257,0
95726,0
104185,0
175340,0
75243,0
192229,0
160289,0
160988,0
162020,0
159479,0
168172,0
87100,0
120707,0
81646,0
75615,0
202298,0
207140,0
126955,0
164309,0
93932,0
142457,0
105963,0
152832,0
149285,0
44367,0
151214,0
81446,0
24332,0
58344,0
31122,0
111504,0
51314,0
119846,0
164883,0
97270,0
36078,0
169228,0
50640,0
103920,0
156362,0
91100,0
212720,0
153411,0
103140,0
23334,0
93995,0
206873,0
82740,0
163172,0
38265,0
169468,0
134757,0
180466,0
76090,0
137803,0
150501,0
211575,0
52097,0
122141,0
186593,0
172604,0
182715,0
177115,0
153976,0
126155,0
89339,0
109829,0
33983,0
124035,0
128794,0
41151,0
82570,0
183139,0
53886,0
116407,0
24489,0
51448,0
176664,0
165815,0
43270,0
204956,0
159409,0
64999,0
205664,0
20335,0
147477,0
169776,0
105741,0
52657,0
186010,0
144290,0
132444,0
112511,0
51040,0
45355,0
32275,0
177691,0
217486,0
43493,0
183494,0
159792,0
99666,0
72209,0
211196,0
44608,0
178940,0
94072,0
171841,0
139033,0
51899,0
145104,0
47637,0
166031,0
21527,0
176946,0
177456,0
199032,0
105041,0
135106,0
206933,0
60279,0
151797,0
98895,0
60728,0
98824,0
23484,0
122334,0
97290,0
126224,0
51090,0
73177,0
128848,0
169361,0
133331,0
89762,0
182698,0
191374,0
61407,0
115929,0
168802,0
119454,0
57678,0
128355,0
150438,0
65120,0
153849,0
149072,0
171414,0
181991,0
22058,0
72084,0
218524,0
162661,0
51617,0
186362,0
24065,0
74464,0
197400,0
124043,0
95221,0
20847,0
26294,0
80179,0
131552,0
49760,0
158769,0
57403,0
53146,0
202681,0
147308,0
51504,0
92520,0
170155,0
75809,0
71480,0
82532,0
113738,0
131847,0
171502,0
171485,0
32340,0
206797,0
53425,0
66136,0
160031,0
59870,0
164831,0
33510,0
80285,0
103066,0
151769,0
164908,0
27150,0
179965,0
102848,0
89858,0
47383,0
109007,0
115746,0
87543,0
26974,0
102332,0
66271,0
61503,0
127269,0
187903,0
78472,0
119383,0
60543,0
211068,0
140219,0
188300,0
90964,0
34466,0
114335,0
187093,0
195044,0
94288,0
129301,0
202389,0
129742,0
146945,0
94986,0
153237,0
145130,0
204423,0
183439,0
79515,0
95861,0
144298,0
124641,0
164576,0
32713,0
30131,0
192870,0
198260,0
91708,0
62833,0
146852,0
53396,0
126477,0
215346,0
216676,0
204859,0
156798,0
144994,0
113482,0
190593,0
51665,0
188877,0
126036,0
57704,0
174398,0
186224,0
216289,0
166211,0
96543,0
123782,0
54714,0
55006,0
23503,0
118663,0
121567,0
40354,0
124157,0
169115,0
74437,0
20377,0
95809,0
167011,0
73678,0
171461,0
74069,0
147918,0
199740,0
203341,0
46129,0
160723,0
200322,0
32887,0
103634,0
115517,0
166321,0
125235,0
115682,0
34052,0
215953,0
54894,0
32123,0
20095,0
26167,0
137010,0
33550,0
141866,0
165585,0
175829,0
160888,0
128218,0
64333,0
53499,0
145226,0
156136,0
71048,0
74161,0
30879,0
40300,0
142753,0
152834,0
87242,0
147928,0
114987,0
114502,0
29922,0
199668,0
194179,0
203513,0
104422,0
217732,0
130928,0
204185,0
54542,0
206299,0
57717,0
147736,0
91858,0
86252,0
49278,0
44028,0
108786,0
34654,0
88033,0
77937,0
187098,0
77377,0
40415,0
154434,0
109357,0
113038,0
82587,0
45897,0
189605,0
109231,0
44324,0
30203,0
58427,0
32230,0
24463,0
71219,0
190735,0
25850,0
91156,0
163920,0
88181,0
25592,0
83320,0
91588,0
37964,0
181656,0
114897,0
201310,0
23607,0
219212,0
159312,0
127884,0
43764,0
117154,0
206546,0
215954,0
45157,0
95078,0
152459,0
202189,0
205441,0
155720,0
184280,0
101997,0
125729,0
32127,0
117173,0
108169,0
116051,0
64609,0
77126,0
75681,0
147383,0
63268,0
158932,0
203805,0
117835,0
64884,0
200274,0
184176,0
194609,0
116593,0
27450,0
75789,0
162253,0
119727,0
23390,0
172216,0
30603,0
49898,0
90614,0
79187,0
158334,0
114798,0
40161,0
32881,0
168568,0
146706,0
93894,0
92372,0
213878,0
164325,0
104440,0
123121,0
151345,0
64353,0
152492,0
157157,0
60437,0
162398,0
179813,0
92926,0
187998,0
28767,0
215130,0
53254,0
61890,0
73357,0
106466,0
46497,0
142891,0
69014,0
44818,0
100872,0
165940,0
33782,0
156061,0
41273,0
66289,0
207730,0
58121,0
81489,0
183973,0
45565,0
193261,0
161795,0
64464,0
137832,0
101448,0
35800,0
84855,0
214075,0
91078,0
153635,0
77190,0
216105,0
128127,0
217302,0
148198,0
54696,0
165049,0
56956,0
144350,0
105182,0
188976,0
44657,0
67387,0
27756,0
42414,0
68161,0
83250,0
187293,0
114810,0
219255,0
143117,0
68459,0
172776,0
166495,0
162798,0
94105,0
146486,0
65675,0
133683,0
44857,0
208579,0
95233,0
124891,0
148778,0
87563,0
95421,0
22528,0
81309,0
217662,0
80165,0
75196,0
217883,0
202041,0
190221,0
51279,0
130538,0
100272,0
186086,0
88165,0
122569,0
20267,0
151296,0
194247,0
128576,0
146411,0
177412,0
158191,0
176659,0
130134,0
216096,0
56630,0
120538,0
161162,0
122114,0
101172,0
29356,0
58679,0
115003,0
133463,0
113474,0
145714,0
150446,0
61100,0
88805,0
169940,0
118076,0
123991,0
115505,0
119775,0
105685,0
20038,0
135126,0
164618,0
134067,0
210118,0
50075,0
200378,0
89615,0
22282,0
132145,0
140583,0
41533,0
136286,0
205380,0
83667,0
139823,0
175116,0
118337,0
145967,0
159424,0
37512,0
181257,0
189395,0
28761,0
87324,0
190401,0
78284,0
168911,0
55227,0
91617,0
216903,0
90178,0
151472,0
55364,0
93649,0
187172,0
177048,0
164030,0
215240,0
62514,0
140969,0
175441,0
191556,0
194977,0
98628,0
157478,0
162561,0
215497,0
157262,0
59016,0
178973,0
72730,0
33505,0
171641,0
182395,0
115919,0
29549,0
70554,0
106734,0
175455,0
26563,0
99048,0
39331,0
185708,0
191472,0
115649,0
165776,0
192458,0
51352,0
69201,0
163951,0
137243,0
100798,0
117609,0
76387,0
60411,0
148840,0
164712,0
27987,0
27145,0
82591,0
208531,0
39715,0
127159,0
173701,0
194105,0
40427,0
127522,0
163718,0
62717,0
149937,0
148285,0
90471,0
107932,0
157851,0
68943,0
207931,0
36571,0
49333,0
109316,0
143118,0
214386,0
126066,0
153202,0
23207,0
206064,0
138902,0
83127,0
44757,0
29164,0
193964,0
83856,0
62490,0
99335,0
83500,0
21243,0
210688,0
173962,0
87058,0
37127,0
122955,0
67475,0
140899,0
63672,0
190223,0
47367,0
82586,0
197351,0
45329,0
95881,0
178195,0
122652,0
133760,0
75458,0
139084,0
79465,0
38113,0
122100,0
106999,0
52318,0
118436,0
145061,0
172239,0
47075,0
191514,0
189121,0
209682,0
51482,0
216838,0
189593,0
82716,0
98351,0
89117,0
96683,0
153886,0
40819,0
81944,0
198001,0
211421,0
105924,0
169740,0
45854,0
95223,0
55233,0
213219,0
191620,0
165682,0
182078,0
76896,0
184965,0
160367,0
131810,0
184900,0
73887,0
183524,0
47390,0
143654,0
150603,0
39950,0
207915,0
154277,0
184007,0
151670,0
45870,0
206645,0
41688,0
42680,0
122520,0
196877,0
52208,0
207028,0
27858,0
69102,0
85609,0
102052,0
164393,0
192346,0
102197,0
197289,0
193441,0
174425,0
188218,0
32878,0
102515,0
50698,0
92124,0
117357,0
162723,0
77515,0
110348,0
50633,0
144165,0
71065,0
69781,0
96710,0
205594,0
200085,0
113620,0
52368,0
47170,0
28895,0
75647,0
206920,0
90245,0
31657,0
177073,0
69477,0
127151,0
182930,0
104442,0
134205,0
188972,0
63519,0
191793,0
172136,0
24539,0
57358,0
159127,0
149436,0
181473,0
173364,0
207395,0
157233,0
122383,0
22309,0
160763,0
210599,0
144041,0
101088,0
110066,0
68494,0
117797,0
113432,0
58673,0
83517,0
151081,0
169159,0
112627,0
132360,0
108133,0
85796,0
68105,0
206176,0
67249,0
67553,0
148048,0
104259,0
28694,0
163975,0
91448,0
135022,0
159411,0
108739,0
193797,0
162812,0
196008,0
63605,0
30984,0
108857,0
94784,0
113856,0
55129,0
86616,0
208117,0
176070,0
130685,0
84428,0
25552,0
145321,0
87916,0
171095,0
50263,0
180249,0
32893,0
150024,0
124368,0
63966,0
30493,0
107865,0
135657,0
85708,0
59496,0
211254,0
41884,0
34721,0
59465,0
77885,0
202734,0
97856,0
179090,0
147826,0
215251,0
135099,0
197370,0
38182,0
101517,0
143232,0
197023,0
214482,0
65727,0
90122,0
186358,0
140365,0
94700,0
189128,0
94798,0
66035,0
25847,0
52386,0
82421,0
195459,0
37398,0
181756,0
162192,0
86752,0
85154,0
148019,0
106845,0
181074,0
209006,0
44965,0
178842,0
84500,0
125740,0
173488,0
202180,0
58915,0
100549,0
93368,0
41712,0
199179,0
184136,0
71364,0
85088,0
102632,0
137007,0
49150,0
130287,0
79052,0
103718,0
28319,0
44902,0
65941,0
216740,0
151970,0
163979,0
187782,0
209162,0
24283,0
96293,0
32545,0
188645,0
134395,0
50374,0
97620,0
195259,0
186495,0
186104,0
64622,0
122003,0
165846,0
53688,0
139812,0
213669,0
112079,0
183864,0
209271,0
45842,0
133582,0
141974,0
138298,0
62144,0
207914,0
105207,0
193905,0
22424,0
100911,0
156279,0
205103,0
131858,0
52257,0
138133,0
179900,0
41223,0
105813,0
194070,0
34042,0
196928,0
68214,0
99634,0
85875,0
184588,0
161391,0
177290,0
116511,0
164426,0
216986,0
127706,0
85712,0
46217,0
218839,0
116343,0
200862,0
86963,0
47340,0
174540,0
78755,0
30094,0
84362,0
78532,0
214303,0
213135,0
56691,0
198686,0
122729,0
54171,0
202354,0
31583,0
71798,0
39583,0
188281,0
37190,0
189630,0
119059,0
137835,0
190927,0
137945,0
96028,0
124335,0
73511,0
200688,0
63154,0
217460,0
203314,0
215520,0
198663,0
203985,0
195152,0
166903,0
24354,0
37132,0
178289,0
178331,0
189702,0
49765,0
69105,0
27684,0
168773,0
114475,0
187558,0
203550,0
61578,0
130220,0
96826,0
203322,0
118127,0
170747,0
173837,0
183767,0
125861,0
45457,0
179029,0
210862,0
69491,0
91770,0
36394,0
52328,0
172886,0
153012,0
131624,0
101846,0
165517,0
83051,0
31076,0
30134,0
199926,0
202444,0
176206,0
138978,0
126373,0
209988,0
137714,0
60230,0
138120,0
47387,0
37818,0
115904,0
215488,0
82269,0
48282,0
96420,0
207803,0
144091,0
150219,0
154884,0
202677,0
90274,0
96039,0
183022,0
86209,0
58552,0
175175,0
172897,0
40887,0
198707,0
116344,0
143554,0
50259,0
119250,0
167431,0
120544,0
95532,0
131762,0
213867,0
48785,0
181333,0
54301,0
46616,0
56098,0
109618,0
23908,0
144216,0
27259,0
96413,0
150131,0
76559,0
179489,0
156674,0
120582,0
98142,0
74633,0
22251,0
160134,0
124036,0
150016,0
57268,0
68351,0
125699,0
150741,0
21617,0
68001,0
119261,0
195274,0
108541,0
37126,0
143857,0
134844,0
198734,0
162559,0
39283,0
77347,0
33281,0
161044,0
163888,0
124455,0
129709,0
38095,0
34791,0
69905,0
43693,0
82056,0
70214,0
171499,0
145627,0
151456,0
199427,0
165976,0
137326,0
70776,0
88246,0
162113,0
142254,0
186890,0
161965,0
101796,0
83592,0
66460,0
153246,0
64629,0
127183,0
159974,0
104802,0
115161,0
168122,0
158985,0
31154,0
140230,0
43996,0
103514,0
108008,0
204888,0
169581,0
202073,0
190103,0
61944,0
78413,0
171959,0
131696,0
57948,0
47567,0
24716,0
193120,0
55063,0
174887,0
178160,0
73155,0
177922,0
214943,0
119269,0
122730,0
162086,0
80939,0
205085,0
59301,0
89851,0
109874,0
79535,0
200770,0
132792,0
116122,0
143565,0
84659,0
179756,0
164569,0
146463,0
154314,0
104670,0
137706,0
34318,0
126021,0
171958,0
82582,0
139364,0
169554,0
214999,0
99362,0
147476,0
40017,0
70485,0
111127,0
185202,0
31728,0
196327,0
181182,0
94759,0
77598,0
188552,0
67124,0
155635,0
128734,0
102537,0
213347,0
160313,0
152733,0
47662,0
162123,0
114732,0
89001,0
151952,0
167459,0
59135,0
61204,0
137922,0
79506,0
72575,0
213193,0
145528,0
173202,0
127831,0
161149,0
206540,0
201238,0
111716,0
203642,0
80101,0
192352,0
217148,0
124328,0
35438,0
205728,0
201393,0
30797,0
217848,0
114597,0
198309,0
37375,0
101767,0
215873,0
139361,0
144264,0
43722,0
125126,0
59979,0
52921,0
30675,0
182071,0
40785,0
37909,0
50655,0
106332,0
152378,0
117430,0
196893,0
38513,0
30726,0
22974,0
182359,0
107421,0
108897,0
125189,0
101391,0
149092,0
65721,0
30739,0
171165,0
195863,0
190972,0
60184,0
129007,0
163255,0
217333,0
118567,0
157278,0
173381,0
43603,0
199606,0
201473,0
111850,0
153708,0
206094,0
115859,0
189494,0
163392,0
45901,0
86058,0
144625,0
197829,0
106776,0
182098,0
139967,0
47613,0
94306,0
119906,0
37935,0
34208,0
205484,0
185974,0
214767,0
172489,0
150214,0
133150,0
135155,0
128194,0
102701,0
78703,0
32735,0
167614,0
90448,0
22176,0
140988,0
149363,0
136216,0
114324,0
70308,0
110762,0
211555,0
91362,0
136995,0
140509,0
67004,0
75187,0
36068,0
133429,0
205102,0
175190,0
103575,0
206116,0
119172,0
73444,0
173440,0
106249,0
184180,0
156888,0
58264,0
130778,0
171299,0
100611,0
193656,0
205814,0
46480,0
110806,0
36402,0
154145,0
66766,0
186208,0
41894,0
135293,0
177709,0
42397,0
95364,0
146653,0
82347,0
205430,0
84540,0
149074,0
92106,0
39179,0
104897,0
202383,0
196176,0
132899,0
181240,0
160793,0
140299,0
87363,0
69370,0
55423,0
201908,0
114336,0
105641,0
118046,0
186750,0
128847,0
122118,0
126443,0
28025,0
21498,0
23487,0
191101,0
60488,0
45451,0
68222,0
105144,0
152610,0
43884,0
136327,0
28910,0
49947,0
167748,0
154976,0
213664,0
143208,0
52677,0
30591,0
30431,0
47899,0
202071,0
87727,0
180708,0
128778,0
64529,0
113761,0
93671,0
70901,0
133673,0
89703,0
123201,0
181112,0
170317,0
69333,0
74154,0
24705,0
105032,0
25118,0
185915,0
53912,0
78223,0
28306,0
157841,0
211468,0
30442,0
59287,0
96510,0
122363,0
111754,0
154554,0
70295,0
106303,0
53789,0
194946,0
43315,0
25104,0
190785,0
187577,0
156883,0
45067,0
120846,0
105906,0
199618,0
148954,0
156699,0
97821,0
155634,0
61421,0
97829,0
214406,0
131992,0
131313,0
60540,0
136428,0
90648,0
82418,0
142445,0
134759,0
131663,0
122563,0
105756,0
79319,0
84989,0
139106,0
94315,0
216694,0
52402,0
139370,0
198974,0
107954,0
173390,0
89802,0
138108,0
24940,0
29034,0
36281,0
212192,0
45444,0
82733,0
103328,0
183866,0
32475,0
150494,0
140765,0
83617,0
102308,0
36736,0
134632,0
38758,0
180721,0
115442,0
76692,0
144945,0
201648,0
199632,0
20298,0
60537,0
171774,0
33616,0
33853,0
152233,0
35708,0
72783,0
86559,0
108399,0
170421,0
46940,0
199381,0
183931,0
41350,0
88455,0
97608,0
64888,0
158015,0
144911,0
158127,0
96556,0
82232,0
69773,0
45524,0
90292,0
151136,0
183045,0
152293,0
152120,0
149505,0
45010,0
68522,0
179562,0
26711,0
87224,0
117003,0
217303,0
115635,0
103926,0
92519,0
147738,0
28624,0
119253,0
185970,0
100177,0
207628,0
153941,0
103673,0
58811,0
92931,0
146687,0
164807,0
127788,0
103382,0
127661,0
101424,0
182364,0
45693,0
177329,0
207106,0
23742,0
147818,0
157298,0
106577,0
100858,0
177990,0
129598,0
160684,0
174516,0
84106,0
112556,0
120702,0
76254,0
102519,0
138358,0
197210,0
117330,0
83831,0
130473,0
158432,0
56219,0
104220,0
35596,0
77833,0
61543,0
34341,0
201062,0
38620,0
42335,0
172949,0
211599,0
131215,0
212461,0
69160,0
116542,0
36637,0
131511,0
206118,0
98166,0
79369,0
48684,0
32470,0
53591,0
109578,0
205071,0
214052,0
26877,0
116991,0
32033,0
136580,0
70698,0
212152,0
166416,0
158911,0
70704,0
162209,0
75926,0
199432,0
159869,0
91040,0
140127,0
141608,0
89502,0
25248,0
199906,0
137277,0
36105,0
135667,0
82537,0
72731,0
179747,0
204161,0
115137,0
191263,0
50511,0
138351,0
129364,0
142011,0
206690,0
199854,0
149342,0
208548,0
122257,0
141024,0
178372,0
205785,0
93028,0
22446,0
173277,0
148384,0
159964,0
163440,0
107919,0
104620,0
25694,0
102174,0
41115,0
31105,0
175241,0
161807,0
79984,0
185439,0
68336,0
39632,0
44357,0
116921,0
100525,0
177040,0
133674,0
161147,0
162286,0
27759,0
98356,0
131985,0
99840,0
131743,0
154256,0
151610,0
31259,0
156715,0
120066,0
149759,0
86603,0
201697,0
107582,0
199419,0
171258,0
101871,0
110788,0
93978,0
29915,0
30526,0
110214,0
24591,0
72419,0
92189,0
153905,0
157147,0
81793,0
90925,0
219854,0
28543,0
108966,0
138509,0
68533,0
129485,0
130476,0
83049,0
111647,0
200921,0
123361,0
184615,0
103312,0
170673,0
179401,0
29577,0
185576,0
147773,0
44056,0
144859,0
149962,0
166717,0
139546,0
217772,0
48855,0
161265,0
65121,0
65540,0
62198,0
132317,0
28820,0
27875,0
143318,0
170042,0
148000,0
171333,0
96472,0
24349,0
115732,0
71694,0
116995,0
174652,0
86841,0
154694,0
209019,0
139061,0
57937,0
164245,0
211860,0
152074,0
107769,0
52945,0
51777,0
213644,0
89217,0
146038,0
151834,0
79802,0
54061,0
116520,0
141475,0
116845,0
39997,0
95970,0
147223,0
25340,0
153853,0
88483,0
86705,0
136501,0
43525,0
215809,0
145753,0
86361,0
48150,0
120865,0
34748,0
78033,0
40294,0
107420,0
40195,0
105452,0
72513,0
184373,0
174434,0
151624,0
187702,0
169960,0
146335,0
78794,0
63535,0
73713,0
174883,0
92977,0
109104,0
37302,0
113607,0
141874,0
153716,0
87186,0
127757,0
107500,0
179430,0
201476,0
189613,0
123161,0
166167,0
196246,0
183907,0
156259,0
196491,0
106446,0
116221,0
155214,0
113548,0
79314,0
102837,0
176342,0
92986,0
29631,0
60864,0
108022,0
94512,0
173825,0
120168,0
101671,0
131995,0
206443,0
148225,0
51834,0
130726,0
123283,0
100048,0
122139,0
91280,0
166041,0
179854,0
195482,0
49667,0
52065,0
44091,0
61829,0
141893,0
197984,0
203222,0
32794,0
107737,0
60466,0
99922,0
215084,0
55941,0
29212,0
117738,0
200833,0
32886,0
132373,0
66302,0
181812,0
91664,0
30418,0
29040,0
22396,0
219057,0
99880,0
161060,0
57700,0
173085,0
166571,0
56752,0
41419,0
199216,0
104838,0
85690,0
93356,0
85678,0
81764,0
124840,0
214413,0
169749,0
35216,0
83298,0
179634,0
123272,0
195496,0
165304,0
143896,0
88162,0
202600,0
152338,0
147612,0
35162,0
115986,0
64756,0
45988,0
100263,0
160524,0
192987,0
149177,0
143930,0
169923,0
110584,0
219397,0
55528,0
144984,0
20917,0
25064,0
38500,0
127709,0
31639,0
147386,0
80335,0
22643,0
183675,0
168142,0
135841,0
173399,0
81861,0
195615,0
109036,0
95588,0
52453,0
203735,0
49504,0
136293,0
106741,0
149574,0
59640,0
75692,0
201818,0
138794,0
21538,0
54884,0
200086,0
212153,0
22102,0
196078,0
55719,0
177787,0
219717,0
22543,0
50978,0
62282,0
193846,0
24942,0
53205,0
217693,0
82376,0
42092,0
152620,0
216459,0
216833,0
154401,0
82153,0
35489,0
117505,0
198522,0
203715,0
94378,0
107238,0
73630,0
155946,0
89196,0
170814,0
191946,0
106082,0
200715,0
87624,0
202872,0
153467,0
164176,0
59209,0
43592,0
39856,0
93846,0
34702,0
184411,0
20315,0
214412,0
68088,0
130430,0
159378,0
185281,0
171481,0
39656,0
87428,0
189070,0
102175,0
66986,0
21850,0
72027,0
199621,0
63571,0
201376,0
160426,0
143673,0
207184,0
201577,0
53631,0
182284,0
213815,0
25260,0
150668,0
194459,0
166958,0
41183,0
30529,0
197063,0
168683,0
202246,0
29214,0
59127,0
181443,0
145391,0
216716,0
120483,0
131629,0
182735,0
87902,0
63896,0
192182,0
189934,0
206285,0
90198,0
165929,0
43203,0
214738,0
45399,0
76772,0
155941,0
99108,0
55549,0
219971,0
207540,0
46685,0
160164,0
45048,0
209641,0
92689,0
71411,0
209238,0
78867,0
90345,0
213119,0
159039,0
152836,0
155003,0
150566,0
219006,0
23320,0
44966,0
171111,0
135009,0
191167,0
180835,0
155450,0
100465,0
136674,0
168025,0
29828,0
216343,0
67341,0
82388,0
112671,0
113899,0
168574,0
57356,0
216205,0
143472,0
165540,0
26620,0
53032,0
187636,0
82464,0
178386,0
50069,0
211103,0
27104,0
118950,0
116525,0
182534,0
139181,0
192180,0
186598,0
219026,0
25488,0
36371,0
200163,0
77337,0
149782,0
78492,0
142369,0
88961,0
180221,0
168201,0
78600,0
62879,0
141709,0
197681,0
156205,0
159248,0
126704,0
177031,0
44927,0
56684,0
143674,0
78514,0
47501,0
148822,0
168917,0
113398,0
73923,0
36542,0
79440,0
213387,0
105150,0
72811,0
142705,0
107944,0
75627,0
170797,0
179352,0
106822,0
49670,0
123469,0
127891,0
191542,0
71841,0
154014,0
29965,0
80839,0
127247,0
128954,0
83949,0
47435,0
58267,0
87461,0
102971,0
206345,0
73375,0
205546,0
218652,0
66644,0
198970,0
215096,0
116208,0
34005,0
136455,0
36208,0
91390,0
106285,0
195576,0
51672,0
198025,0
125916,0
148281,0
68426,0
218360,0
106109,0
48750,0
83570,0
128908,0
21674,0
52631,0
34074,0
207160,0
107910,0
96957,0
149417,0
190634,0
154594,0
189043,0
52102,0
58195,0
138456,0
188960,0
89747,0
65577,0
93496,0
151425,0
24872,0
192508,0
67166,0
154318,0
212412,0
108017,0
109275,0
78464,0
124787,0
107415,0
175466,0
88944,0
30093,0
121744,0
57019,0
78912,0
78185,0
73535,0
148388,0
22758,0
22386,0
139398,0
50690,0
189365,0
62629,0
90837,0
90745,0
131573,0
151206,0
192152,0
38847,0
207275,0
155252,0
44663,0
214630,0
179311,0
134536,0
81576,0
36124,0
63244,0
25307,0
169210,0
36619,0
117114,0
110929,0
177529,0
164081,0
52642,0
156591,0
72589,0
178729,0
187083,0
59325,0
167794,0
53706,0
172641,0
32060,0
38734,0
50128,0
214151,0
109485,0
95394,0
31558,0
164066,0
174562,0
56162,0
161953,0
76719,0
176660,0
97203,0
96768,0
75772,0
169934,0
205703,0
153114,0
151732,0
70836,0
100422,0
98059,0
198827,0
118459,0
152790,0
59268,0
136598,0
171542,0
82981,0
92336,0
149340,0
24711,0
22856,0
66667,0
39926,0
212981,0
209504,0
110941,0
113429,0
141804,0
26259,0
198845,0
92024,0
192491,0
135378,0
74571,0
59078,0
149018,0
178780,0
197820,0
23112,0
148999,0
188580,0
93385,0
142835,0
174027,0
104625,0
157643,0
187305,0
174025,0
107776,0
35820,0
107864,0
182267,0
141009,0
72649,0
179021,0
75688,0
133078,0
165888,0
175757,0
124915,0
153825,0
201042,0
91011,0
67223,0
20384,0
158313,0
113049,0
113500,0
211140,0
71336,0
78368,0
106366,0
59740,0
52619,0
32851,0
150524,0
32573,0
185845,0
206006,0
121364,0
116371,0
212460,0
94450,0
53777,0
54377,0
109881,0
51486,0
97373,0
71815,0
23410,0
24621,0
53713,0
149794,0
93105,0
45328,0
217768,0
133754,0
122867,0
183570,0
73506,0
170431,0
95879,0
105267,0
20574,0
82837,0
141004,0
58619,0
188094,0
190144,0
87547,0
146450,0
78573,0
197684,0
152388,0
175305,0
178671,0
126045,0
170227,0
120448,0
168705,0
175705,0
84881,0
202656,0
195069,0
203101,0
146631,0
78827,0
165763,0
63092,0
69237,0
78844,0
138983,0
182578,0
124829,0
153901,0
134866,0
194494,0
144597,0
23892,0
186287,0
179740,0
101054,0
156297,0
114285,0
102202,0
163485,0
87942,0
158027,0
82758,0
59604,0
187164,0
132352,0
20088,0
65886,0
105330,0
142055,0
48422,0
212219,0
174915,0
46995,0
199333,0
148638,0
109808,0
111230,0
193705,0
182149,0
216806,0
112452,0
113675,0
108564,0
69819,0
94508,0
209153,0
50771,0
58838,0
76228,0
88471,0
105130,0
195020,0
81878,0
195922,0
150665,0
38656,0
30885,0
42508,0
201223,0
122854,0
159772,0
138141,0
140359,0
206150,0
85753,0
57085,0
155949,0
145209,0
52291,0
94496,0
154387,0
88415,0
42450,0
139704,0
57190,0
20435,0
182019,0
35403,0
204513,0
59980,0
37822,0
39509,0
87162,0
192219,0
219792,0
162451,0
109731,0
139037,0
31947,0
20947,0
35416,0
183665,0
32828,0
67970,0
160998,0
151711,0
166085,0
204212,0
28869,0
98267,0
146791,0
175365,0
188989,0
125005,0
196562,0
158322,0
191740,0
216826,0
125800,0
168284,0
132789,0
166813,0
43937,0
84499,0
130393,0
192536,0
126216,0
132211,0
214527,0
89280,0
150168,0
107398,0
103338,0
138842,0
189040,0
21231,0
200081,0
130856,0
123339,0
36476,0
175814,0
157781,0
176661,0
70197,0
160595,0
215229,0
114578,0
154633,0
159091,0
42044,0
107486,0
183059,0
144532,0
22841,0
40808,0
122332,0
161389,0
134022,0
160339,0
82438,0
151155,0
70193,0
42792,0
205026,0
183555,0
196577,0
94769,0
131412,0
182155,0
140980,0
139401,0
87331,0
30372,0
110895,0
118379,0
193191,0
71419,0
193139,0
37388,0
61314,0
82181,0
219495,0
30462,0
132813,0
51880,0
133648,0
76418,0
160139,0
187997,0
33646,0
92334,0
163335,0
63051,0
159730,0
43620,0
69343,0
188445,0
79748,0
140278,0
36945,0
39692,0
137369,0
66307,0
213716,0
192073,0
47538,0
165802,0
130980,0
219369,0
21902,0
87886,0
132121,0
140810,0
52882,0
99230,0
79555,0
145864,0
107709,0
154044,0
198479,0
30287,0
209522,0
108213,0
30659,0
30459,0
165734,0
56386,0
167825,0
101056,0
98290,0
41939,0
63910,0
174499,0
70603,0
150491,0
146700,0
212120,0
139699,0
22726,0
136522,0
27915,0
180126,0
113486,0
89093,0
174975,0
182986,0
196582,0
93918,0
126664,0
188440,0
115235,0
35122,0
200252,0
198125,0
80805,0
21496,0
24058,0
88649,0
64468,0
58115,0
140207,0
79737,0
68309,0
45513,0
159184,0
24499,0
63652,0
21235,0
49761,0
60962,0
150481,0
130229,0
143223,0
40650,0
98687,0
60016,0
68224,0
124327,0
180305,0
74717,0
145151,0
137300,0
87510,0
141831,0
167613,0
79586,0
124094,0
114451,0
86657,0
166163,0
142645,0
77025,0
44457,0
130469,0
211431,0
39212,0
88071,0
22161,0
42971,0
127834,0
28873,0
49274,0
197129,0
159240,0
117381,0
34733,0
102218,0
147905,0
172156,0
33801,0
127279,0
133881,0
27697,0
198670,0
161522,0
138990,0
166653,0
95027,0
202473,0
109191,0
26028,0
88084,0
131319,0
167276,0
84190,0
189330,0
133086,0
200977,0
103207,0
161337,0
153625,0
189065,0
75985,0
76391,0
214242,0
30982,0
203878,0
47482,0
149131,0
207156,0
199458,0
75376,0
201650,0
131890,0
148205,0
56751,0
106086,0
116666,0
132576,0
66522,0
85827,0
185709,0
72088,0
125244,0
152768,0
133104,0
148323,0
86120,0
25645,0
47379,0
66007,0
217116,0
211677,0
177119,0
105949,0
155841,0
138887,0
30254,0
143132,0
178431,0
118361,0
68889,0
178785,0
212607,0
74122,0
127841,0
174343,0
122028,0
85429,0
195088,0
154514,0
109704,0
51278,0
215693,0
191924,0
33227,0
163298,0
182560,0
111234,0
191849,0
52109,0
214231,0
151983,0
63200,0
64368,0
147574,0
159628,0
198195,0
54358,0
195679,0
62868,0
70040,0
194218,0
215597,0
86727,0
28320,0
103684,0
75957,0
144864,0
56357,0
100396,0
207553,0
68658,0
176314,0
187173,0
179390,0
44424,0
129356,0
79956,0
106506,0
108764,0
27034,0
59052,0
26655,0
85435,0
201876,0
67718,0
129313,0
134133,0
106256,0
29108,0
28870,0
213701,0
39376,0
29992,0
117501,0
93680,0
208806,0
110648,0
88852,0
64432,0
140186,0
168383,0
71887,0
125290,0
81674,0
123959,0
26433,0
219230,0
115221,0
38675,0
131377,0
143119,0
131932,0
159074,0
108758,0
212638,0
30544,0
23637,0
61479,0
170810,0
184455,0
193147,0
30533,0
190912,0
105664,0
147991,0
136446,0
102401,0
107640,0
178819,0
203852,0
103101,0
40787,0
90881,0
116850,0
176764,0
176774,0
32130,0
164365,0
95260,0
136155,0
124637,0
153762,0
158408,0
75706,0
59739,0
149183,0
186616,0
169430,0
78922,0
115434,0
124479,0
166376,0
143278,0
62138,0
114616,0
30512,0
40675,0
30988,0
108480,0
167025,0
40214,0
36814,0
100463,0
188448,0
173755,0
27152,0
117767,0
56656,0
129973,0
208798,0
123585,0
94676,0
120545,0
36032,0
171726,0
212134,0
58503,0
151569,0
51789,0
184717,0
75876,0
108089,0
214439,0
29030,0
211167,0
129445,0
165241,0
148122,0
128527,0
180333,0
103631,0
162158,0
91051,0
23189,0
68916,0
98877,0
71816,0
104166,0
57900,0
173710,0
211514,0
152669,0
81505,0
33579,0
93095,0
73837,0
22642,0
181591,0
190820,0
166000,0
100603,0
150920,0
107409,0
213312,0
206249,0
139411,0
202982,0
114913,0
74172,0
218983,0
94110,0
194269,0
63832,0
54256,0
20663,0
135572,0
56881,0
25528,0
114878,0
83951,0
210154,0
82032,0
168326,0
22786,0
211163,0
157450,0
89514,0
96550,0
95028,0
58135,0
116068,0
94342,0
121034,0
40406,0
164074,0
113424,0
160215,0
85421,0
135949,0
202164,0
143652,0
209020,0
200850,0
90037,0
70854,0
80972,0
117295,0
132623,0
206567,0
215278,0
212806,0
92265,0
208358,0
70922,0
135148,0
78171,0
209262,0
64396,0
159785,0
44309,0
80265,0
113305,0
194893,0
103496,0
33102,0
209094,0
203871,0
194019,0
157127,0
44750,0
138529,0
57063,0
215458,0
145227,0
63645,0
148181,0
198776,0
51103,0
106362,0
73233,0
33093,0
119611,0
62412,0
46254,0
207625,0
161780,0
47878,0
176129,0
78455,0
181251,0
84787,0
213342,0
168401,0
159262,0
214298,0
67286,0
199059,0
158203,0
71280,0
175122,0
148834,0
190601,0
135379,0
74787,0
195740,0
194963,0
108282,0
144342,0
143334,0
29300,0
39182,0
74229,0
120772,0
115648,0
46248,0
55883,0
103353,0
54130,0
73356,0
112041,0
177530,0
53455,0
218520,0
60429,0
31836,0
38400,0
171083,0
60103,0
196500,0
108325,0
165547,0
89453,0
192534,0
135565,0
51094,0
94043,0
187510,0
133084,0
116821,0
149835,0
163050,0
36777,0
200740,0
66629,0
91692,0
201878,0
41354,0
153829,0
55867,0
144022,0
71945,0
176417,0
189850,0
34723,0
175061,0
87471,0
36184,0
163043,0
70379,0
67116,0
68997,0
214901,0
136884,0
173005,0
32114,0
135006,0
179852,0
60616,0
130660,0
100902,0
205864,0
127085,0
26985,0
51001,0
69408,0
51283,0
41930,0
23393,0
126296,0
219782,0
101637,0
175638,0
58567,0
91878,0
48545,0
113005,0
51104,0
70093,0
161388,0
117144,0
180410,0
40661,0
20573,0
40857,0
88151,0
186523,0
184188,0
98994,0
158024,0
24533,0
62314,0
104733,0
110520,0
208882,0
29493,0
67161,0
109123,0
43888,0
20834,0
124599,0
168375,0
41212,0
180697,0
181395,0
182860,0
33891,0
57720,0
151685,0
168121,0
167621,0
91238,0
108202,0
101690,0
168538,0
216291,0
204213,0
207676,0
116239,0
28026,0
133450,0
165502,0
113121,0
44194,0
129789,0
143935,0
49334,0
64441,0
214410,0
37713,0
214416,0
214945,0
53340,0
68490,0
62763,0
200825,0
124120,0
25010,0
159266,0
126076,0
191996,0
130197,0
31776,0
203302,0
216754,0
187612,0
24738,0
85387,0
201638,0
186710,0
172032,0
25858,0
96633,0
37557,0
195243,0
195874,0
120778,0
66813,0
211425,0
26163,0
39422,0
36069,0
141986,0
127370,0
29527,0
41160,0
213062,0
164592,0
55863,0
148765,0
49473,0
115233,0
110854,0
172323,0
42720,0
91925,0
26285,0
37738,0
68007,0
49928,0
191248,0
78467,0
64956,0
51310,0
213413,0
201541,0
29194,0
70383,0
42618,0
113742,0
216734,0
147239,0
69661,0
75147,0
168842,0
217394,0
46763,0
76724,0
216226,0
106751,0
43211,0
80905,0
134870,0
178581,0
145984,0
71266,0
173857,0
135623,0
189438,0
77842,0
120178,0
63406,0
122177,0
53040,0
199720,0
43477,0
105805,0
92938,0
149426,0
206247,0
177087,0
181741,0
138637,0
118123,0
199762,0
84328,0
205987,0
140023,0
104630,0
152650,0
120768,0
100604,0
187300,0
194264,0
183072,0
148647,0
74201,0
155877,0
192656,0
26933,0
40813,0
202706,0
119401,0
47862,0
47727,0
139679,0
204743,0
159387,0
119166,0
125222,0
131999,0
171088,0
198126,0
112915,0
84498,0
28149,0
76970,0
133688,0
201080,0
25942,0
35136,0
103344,0
161009,0
135705,0
98337,0
106538,0
98160,0
98634,0
79906,0
49416,0
83920,0
107153,0
152495,0
199718,0
20431,0
137033,0
22384,0
65990,0
94693,0
24226,0
27506,0
32407,0
193101,0
44561,0
73200,0
21662,0
31297,0
119998,0
113096,0
57421,0
157092,0
105768,0
38955,0
204131,0
111261,0
84380,0
179555,0
60092,0
163891,0
80317,0
152106,0
66249,0
169162,0
199866,0
34830,0
94280,0
28972,0
209921,0
71302,0
194728,0
104349,0
49999,0
178655,0
145719,0
179479,0
118672,0
40196,0
23746,0
77658,0
130409,0
105247,0
114002,0
167353,0
201041,0
191577,0
198330,0
62772,0
216940,0
76313,0
105941,0
39430,0
92996,0
206951,0
98306,0
71223,0
131904,0
75248,0
214769,0
102314,0
179107,0
61748,0
137666,0
171450,0
211929,0
132305,0
110130,0
158475,0
143916,0
123567,0
192565,0
53444,0
105308,0
113416,0
200664,0
44009,0
145949,0
118853,0
93054,0
68636,0
167354,0
180702,0
218236,0
165719,0
198159,0
140943,0
23115,0
42004,0
146004,0
187065,0
63105,0
114922,0
121064,0
202680,0
208069,0
116764,0
66057,0
185933,0
48988,0
87403,0
54141,0
29008,0
119689,0
36988,0
60294,0
86538,0
197375,0
61628,0
107444,0
205189,0
81368,0
55672,0
59480,0
31862,0
167287,0
31566,0
115053,0
169701,0
209529,0
183224,0
64729,0
157311,0
197434,0
26291,0
89528,0
126017,0
211689,0
51538,0
109855,0
145372,0
193832,0
173061,0
38877,0
134223,0
118757,0
71613,0
56749,0
21448,0
81984,0
134374,0
47047,0
208047,0
51287,0
114552,0
130357,0
130582,0
46341,0
154915,0
87447,0
86062,0
193029,0
66778,0
102898,0
183188,0
120469,0
174702,0
40724,0
79022,0
194629,0
136878,0
177392,0
67701,0
79992,0
214452,0
21804,0
75815,0
158237,0
100334,0
126225,0
55765,0
209734,0
72348,0
31568,0
30746,0
21397,0
133021,0
25464,0
143937,0
81042,0
115104,0
214552,0
73943,0
89891,0
62596,0
72292,0
21702,0
73157,0
186298,0
51191,0
173310,0
44047,0
180427,0
181407,0
168416,0
36578,0
185457,0
37767,0
203785,0
145637,0
205518,0
54025,0
205984,0
192453,0
99349,0
151707,0
123848,0
193940,0
182416,0
185885,0
186016,0
134302,0
108370,0
60896,0
160080,0
85310,0
183242,0
94352,0
24189,0
161223,0
116251,0
49352,0
25399,0
35202,0
184215,0
164827,0
60332,0
160009,0
83827,0
131230,0
30964,0
198742,0
47534,0
126308,0
182673,0
125728,0
149552,0
122144,0
137539,0
56137,0
97018,0
128071,0
30608,0
85367,0
210797,0
35657,0
70467,0
62012,0
77343,0
116720,0
45686,0
189875,0
101532,0
144303,0
202739,0
99311,0
136602,0
49991,0
190678,0
64483,0
205107,0
58165,0
215139,0
179335,0
154919,0
178981,0
190763,0
196984,0
196482,0
59244,0
161503,0
217301,0
23896,0
102863,0
78502,0
155273,0
86052,0
77049,0
210385,0
113641,0
144437,0
75913,0
156796,0
129698,0
143446,0
121850,0
65994,0
62136,0
86368,0
89829,0
138592,0
168162,0
160646,0
95165,0
130648,0
32649,0
187917,0
58797,0
176451,0
70701,0
134178,0
216787,0
160320,0
185206,0
105579,0
175302,0
78498,0
92900,0
77570,0
75176,0
71809,0
159707,0
112696,0
163584,0
76275,0
110067,0
197267,0
122708,0
142318,0
213953,0
162040,0
185189,0
62407,0
194443,0
189083,0
50456,0
46847,0
47715,0
146665,0
51380,0
155297,0
209176,0
123101,0
152851,0
22097,0
115289,0
217218,0
66131,0
101736,0
217954,0
161062,0
81561,0
117826,0
128137,0
27292,0
140419,0
72153,0
68148,0
141529,0
219142,0
178573,0
106425,0
158880,0
79516,0
128914,0
20380,0
208934,0
63182,0
139138,0
131602,0
48172,0
170576,0
216421,0
128988,0
153986,0
200265,0
110656,0
112602,0
165310,0
197454,0
95647,0
193435,0
64486,0
206360,0
166733,0
30123,0
179519,0
213891,0
138848,0
181992,0
44231,0
137591,0
112879,0
100179,0
123353,0
59503,0
48922,0
191831,0
120194,0
166937,0
73040,0
141555,0
124703,0
44024,0
45759,0
20687,0
142163,0
121625,0
80830,0
86602,0
124117,0
171242,0
209912,0
106025,0
99831,0
187211,0
152680,0
96546,0
174989,0
142719,0
70696,0
111487,0
68673,0
215932,0
179049,0
141690,0
109434,0
204711,0
29186,0
177300,0
110745,0
183097,0
49923,0
184442,0
200070,0
202880,0
199433,0
102842,0
60032,0
189048,0
59900,0
188566,0
78002,0
111031,0
211315,0
120800,0
54496,0
95522,0
217446,0
185245,0
82408,0
133789,0
106973,0
219941,0
135098,0
27130,0
39915,0
176691,0
75933,0
107284,0
165251,0
151865,0
95664,0
104097,0
72573,0
80589,0
206130,0
141675,0
57464,0
202790,0
46710,0
33427,0
142900,0
59112,0
53834,0
32366,0
166774,0
116804,0
210241,0
134284,0
22941,0
54972,0
47012,0
82081,0
169051,0
127981,0
105077,0
147425,0
38873,0
152760,0
119265,0
148349,0
146416,0
207844,0
202942,0
107608,0
209657,0
158977,0
41931,0
101578,0
150221,0
89354,0
173470,0
143886,0
155668,0
212690,0
158179,0
152655,0
214516,0
93031,0
177535,0
54628,0
201177,0
28787,0
54215,0
64443,0
79701,0
125724,0
164449,0
52614,0
68086,0
39117,0
167022,0
185635,0
152138,0
21325,0
219670,0
38033,0
68320,0
80790,0
157912,0
199851,0
132853,0
83724,0
217273,0
47763,0
187848,0
106926,0
138711,0
191001,0
144018,0
57095,0
197073,0
45718,0
147050,0
89011,0
177704,0
99304,0
216355,0
168939,0
218746,0
75662,0
179353,0
97183,0
209952,0
125003,0
161750,0
27769,0
24362,0
181408,0
212270,0
212388,0
144554,0
106616,0
123392,0
47337,0
64301,0
114452,0
105000,0
110039,0
104385,0
149019,0
213201,0
43286,0
81858,0
147917,0
88183,0
51225,0
33979,0
163967,0
101883,0
76364,0
116020,0
168968,0
107083,0
28883,0
127659,0
54859,0
51394,0
85217,0
26282,0
111295,0
29141,0
83085,0
196007,0
181952,0
88955,0
108187,0
203432,0
171234,0
137750,0
174971,0
201935,0
164910,0
153329,0
201461,0
136158,0
74496,0
31526,0
119829,0
38005,0
25093,0
74247,0
71371,0
68326,0
47293,0
212726,0
219290,0
166824,0
92676,0
167761,0
97703,0
72404,0
23326,0
212094,0
47689,0
214811,0
212957,0
117665,0
32494,0
28538,0
210761,0
61815,0
38408,0
85078,0
120658,0
90035,0
136727,0
171540,0
41491,0
195624,0
118763,0
124320,0
84952,0
140588,0
114977,0
205761,0
33161,0
203582,0
137574,0
194150,0
138822,0
89773,0
39006,0
204304,0
26414,0
102538,0
97090,0
218482,0
35888,0
209508,0
185648,0
52356,0
184001,0
181152,0
169506,0
93923,0
206458,0
194049,0
48490,0
206394,0
79791,0
22359,0
124612,0
205688,0
164161,0
214067,0
50891,0
162835,0
44049,0
58305,0
92857,0
201469,0
23457,0
211481,0
124693,0
78701,0
24201,0
27711,0
162651,0
178660,0
132651,0
74860,0
184080,0
131678,0
60796,0
61177,0
177254,0
85930,0
23622,0
217992,0
194325,0
133587,0
103337,0
171453,0
79991,0
163767,0
35954,0
23560,0
175207,0
42513,0
93444,0
106139,0
116565,0
113722,0
71713,0
111121,0
115542,0
199485,0
205711,0
188262,0
136943,0
54694,0
212934,0
119009,0
216993,0
216066,0
192441,0
82225,0
142633,0
36292,0
81221,0
210457,0
161765,0
135351,0
74604,0
181369,0
113370,0
181580,0
114342,0
58298,0
73450,0
214423,0
187135,0
167388,0
161899,0
90708,0
108155,0
125695,0
139460,0
135408,0
117733,0
147663,0
39101,0
62983,0
49262,0
124394,0
121160,0
122901,0
64485,0
32951,0
21517,0
210148,0
196768,0
183187,0
96285,0
115989,0
66405,0
29751,0
150841,0
81946,0
127765,0
108403,0
219981,0
83434,0
176762,0
176699,0
140128,0
137056,0
37699,0
158183,0
27357,0
103157,0
203863,0
114834,0
37321,0
131619,0
94320,0
165693,0
98579,0
39404,0
189997,0
26708,0
95178,0
28046,0
194982,0
62672,0
209041,0
78029,0
107661,0
140947,0
69211,0
113409,0
25420,0
76214,0
22896,0
207791,0
146848,0
128550,0
96660,0
41742,0
139860,0
175480,0
77910,0
46865,0
87928,0
189164,0
187068,0
35604,0
108258,0
124528,0
117853,0
47652,0
83529,0
60020,0
132793,0
211571,0
190396,0
97402,0
182380,0
92398,0
125202,0
183600,0
208950,0
125565,0
33228,0
156391,0
192078,0
75552,0
139035,0
186488,0
191118,0
68803,0
105042,0
130359,0
190166,0
176388,0
214659,0
215895,0
145883,0
127136,0
136318,0
47023,0
142246,0
32036,0
215023,0
145286,0
144195,0
185821,0
181331,0
114469,0
119596,0
105143,0
44213,0
164966,0
184639,0
31055,0
86203,0
171704,0
172057,0
199513,0
31829,0
106324,0
95355,0
214536,0
64037,0
22682,0
109648,0
215735,0
161592,0
185955,0
148420,0
117898,0
105888,0
207722,0
81829,0
41276,0
49294,0
35569,0
171969,0
109843,0
54708,0
107972,0
159933,0
42723,0
172331,0
130946,0
90694,0
111107,0
187731,0
69670,0
123979,0
185344,0
27386,0
46018,0
170661,0
177791,0
52395,0
186583,0
107985,0
52986,0
143647,0
194835,0
173380,0
207549,0
150999,0
155749,0
119652,0
172538,0
196137,0
97539,0
184753,0
20780,0
96993,0
165179,0
127011,0
169862,0
26289,0
82608,0
74007,0
209043,0
141722,0
129010,0
86250,0
45675,0
109751,0
156203,0
128598,0
210119,0
22356,0
127598,0
210216,0
205957,0
166663,0
107996,0
103401,0
104642,0
188946,0
176345,0
24387,0
29537,0
122919,0
75575,0
78659,0
107820,0
93824,0
214855,0
44241,0
46227,0
192226,0
48436,0
154579,0
116532,0
137785,0
176267,0
96912,0
172244,0
127995,0
88222,0
25672,0
131905,0
127458,0
67177,0
48133,0
73524,0
92324,0
36438,0
101431,0
147562,0
107908,0
201539,0
153138,0
28524,0
95682,0
213901,0
100376,0
133259,0
205898,0
35010,0
61630,0
181835,0
156920,0
47460,0
30252,0
110326,0
83046,0
210429,0
194639,0
61577,0
208559,0
27439,0
159080,0
53198,0
213482,0
143944,0
122884,0
205706,0
212848,0
23996,0
120738,0
105530,0
52899,0
73728,0
22950,0
155901,0
144640,0
25985,0
163840,0
157626,0
109788,0
69126,0
158465,0
42047,0
186286,0
32450,0
109971,0
44895,0
190487,0
154030,0
217628,0
113295,0
174947,0
88785,0
73989,0
177660,0
83507,0
91818,0
182515,0
107931,0
195736,0
94437,0
181465,0
81157,0
134225,0
71228,0
189938,0
108083,0
123082,0
37566,0
121031,0
46820,0
157169,0
209623,0
38627,0
65137,0
172097,0
181164,0
88121,0
213068,0
73509,0
89210,0
81679,0
150489,0
112625,0
32680,0
164578,0
182607,0
183646,0
65416,0
83739,0
148218,0
207234,0
159069,0
115485,0
156492,0
33298,0
190318,0
123298,0
55502,0
211410,0
211093,0
204058,0
165982,0
158613,0
213122,0
210300,0
93884,0
136082,0
108204,0
119745,0
126353,0
45669,0
55179,0
216696,0
145089,0
102572,0
82361,0
81504,0
112398,0
219113,0
46396,0
155274,0
215435,0
131219,0
40696,0
209052,0
150110,0
184763,0
204917,0
212392,0
207573,0
120726,0
133852,0
118499,0
215175,0
32499,0
90577,0
29606,0
77527,0
212823,0
156638,0
138253,0
151354,0
214383,0
132773,0
76801,0
167482,0
181754,0
106978,0
194297,0
174919,0
217518,0
101952,0
38945,0
194181,0
209265,0
35102,0
148613,0
80570,0
66577,0
84935,0
174593,0
187938,0
206937,0
56324,0
195939,0
152993,0
82346,0
171449,0
63939,0
141183,0
31524,0
61718,0
70990,0
60621,0
189603,0
70404,0
129968,0
215680,0
56990,0
177495,0
96858,0
54630,0
105962,0
164441,0
147993,0
88166,0
37208,0
169685,0
24449,0
199473,0
139948,0
215995,0
35394,0
154302,0
118697,0
60317,0
95850,0
49576,0
191773,0
34616,0
62907,0
203638,0
89008,0
33346,0
99644,0
130599,0
185345,0
197977,0
169788,0
90382,0
145693,0
185167,0
157645,0
21507,0
99982,0
64607,0
158250,0
112727,0
184309,0
133505,0
151106,0
125124,0
116984,0
127076,0
184910,0
104541,0
205293,0
101390,0
54826,0
186792,0
209084,0
108801,0
114532,0
158086,0
168938,0
178471,0
100622,0
127893,0
120336,0
145263,0
200318,0
144069,0
42197,0
152730,0
177316,0
122740,0
56921,0
185850,0
57308,0
153723,0
99835,0
187051,0
167629,0
55008,0
63364,0
141480,0
203966,0
157667,0
115928,0
70069,0
212485,0
108465,0
53415,0
159719,0
77607,0
102825,0
118206,0
160833,0
71589,0
101064,0
58743,0
192788,0
52783,0
64823,0
78796,0
99952,0
32769,0
182034,0
168476,0
158244,0
40608,0
203489,0
131863,0
217508,0
122907,0
75132,0
141931,0
102939,0
63736,0
141064,0
170232,0
213054,0
127056,0
176040,0
156799,0
120035,0
84972,0
65627,0
110077,0
48676,0
132848,0
204641,0
86412,0
24383,0
192177,0
159940,0
110632,0
68498,0
144177,0
77781,0
182549,0
65421,0
25564,0
144317,0
95382,0
180775,0
186416,0
93552,0
116275,0
141289,0
81135,0
194456,0
108298,0
214290,0
115552,0
61269,0
102675,0
113741,0
199200,0
197193,0
64332,0
216856,0
129228,0
93757,0
129581,0
160707,0
130681,0
88120,0
107354,0
203092,0
93173,0
212535,0
99109,0
184333,0
191147,0
75604,0
78124,0
191471,0
182878,0
31253,0
116035,0
139520,0
154395,0
166713,0
50955,0
211449,0
65572,0
107309,0
37152,0
204156,0
107428,0
186466,0
143175,0
75027,0
91086,0
73967,0
107491,0
110069,0
196164,0
213763,0
217413,0
41396,0
57981,0
31905,0
101154,0
127264,0
41744,0
20658,0
53236,0
151239,0
206035,0
185315,0
211979,0
161614,0
163483,0
64057,0
205908,0
148050,0
181571,0
126846,0
71954,0
29308,0
187908,0
72610,0
114705,0
67821,0
181778,0
90526,0
100887,0
180656,0
30745,0
123370,0
83280,0
208796,0
41921,0
90326,0
43678,0
35391,0
95950,0
105297,0
53477,0
159829,0
144078,0
152721,0
22221,0
116073,0
101107,0
22657,0
94770,0
219159,0
25225,0
124961,0
199293,0
139016,0
126896,0
196998,0
113112,0
163225,0
149022,0
150972,0
204539,0
204876,0
197510,0
133118,0
126568,0
39356,0
187249,0
170016,0
124776,0
199063,0
95547,0
54170,0
94159,0
186847,0
41315,0
100448,0
133238,0
132248,0
180536,0
156130,0
161374,0
170075,0
216980,0
160123,0
162021,0
30001,0
20052,0
41935,0
74603,0
205370,0
92794,0
30583,0
134962,0
155184,0
173017,0
89070,0
216317,0
27955,0
38388,0
112770,0
120564,0
98997,0
53665,0
169487,0
34868,0
191876,0
74784,0
69715,0
45943,0
99262,0
57523,0
76584,0
129271,0
58343,0
84436,0
98165,0
46707,0
122530,0
207726,0
162697,0
109140,0
216119,0
43883,0
124851,0
156819,0
24049,0
208193,0
22163,0
46215,0
212139,0
43765,0
59155,0
158939,0
199276,0
108422,0
200103,0
40869,0
87585,0
99695,0
173876,0
117940,0
147694,0
188483,0
138933,0
35697,0
96704,0
88472,0
156100,0
100051,0
107647,0
56701,0
158060,0
112755,0
182562,0
47310,0
53695,0
84198,0
43821,0
101660,0
53496,0
43224,0
85925,0
87797,0
197945,0
111328,0
80641,0
198935,0
53588,0
92274,0
40753,0
207813,0
153066,0
209535,0
53896,0
65740,0
68354,0
200246,0
79218,0
124306,0
175691,0
166905,0
34137,0
137066,0
210249,0
158112,0
86957,0
211229,0
137214,0
28846,0
74538,0
69901,0
90832,0
161187,0
195509,0
77673,0
156524,0
187432,0
34371,0
159559,0
51455,0
189816,0
33024,0
60760,0
135981,0
185213,0
33966,0
148784,0
90830,0
66151,0
105702,0
182891,0
197427,0
160207,0
180295,0
80893,0
209333,0
154792,0
86639,0
26020,0
45000,0
22067,0
152372,0
25870,0
219070,0
219883,0
183522,0
57336,0
90939,0
78335,0
217396,0
56092,0
200986,0
203551,0
85507,0
84466,0
188408,0
111787,0
141220,0
32307,0
82469,0
136242,0
167108,0
130881,0
189350,0
107829,0
53604,0
153120,0
68232,0
68252,0
199842,0
179776,0
100065,0
206767,0
48071,0
140598,0
177337,0
112860,0
154745,0
167178,0
213214,0
110312,0
213064,0
161416,0
178072,0
181179,0
98330,0
96332,0
168450,0
185334,0
173662,0
130641,0
75226,0
168718,0
61719,0
63399,0
50467,0
35395,0
183436,0
163641,0
123757,0
28373,0
178950,0
172514,0
66039,0
152449,0
206066,0
189904,0
112505,0
108260,0
130678,0
93389,0
176832,0
158841,0
64163,0
130193,0
178198,0
163327,0
68987,0
196988,0
122712,0
62463,0
48225,0
119307,0
89817,0
142606,0
101616,0
136138,0
93159,0
90142,0
123762,0
58464,0
124873,0
167941,0
215655,0
38640,0
44880,0
132617,0
95127,0
84602,0
49969,0
25864,0
148296,0
203335,0
205144,0
151184,0
131855,0
106011,0
62287,0
62956,0
199936,0
119022,0
185251,0
101600,0
129044,0
179975,0
37002,0
198741,0
205123,0
100008,0
20558,0
188111,0
104801,0
150848,0
86066,0
37380,0
169757,0
201643,0
206910,0
116204,0
139500,0
199839,0
166204,0
152007,0
126111,0
136783,0
101552,0
112833,0
68770,0
127359,0
170313,0
104720,0
41468,0
133213,0
129110,0
149977,0
22835,0
64325,0
39149,0
75319,0
211252,0
87301,0
182427,0
56750,0
84274,0
201394,0
127248,0
115546,0
105916,0
177139,0
101264,0
188025,0
131000,0
128437,0
129331,0
95321,0
55521,0
139857,0
37196,0
48140,0
178024,0
34069,0
56515,0
42684,0
78319,0
156212,0
105119,0
84929,0
143060,0
170938,0
62529,0
151039,0
61517,0
158559,0
41792,0
180034,0
100961,0
105865,0
107712,0
29481,0
156589,0
208913,0
109031,0
125394,0
66440,0
116610,0
95334,0
172912,0
39514,0
29248,0
61044,0
71177,0
177141,0
183018,0
25736,0
102366,0
51215,0
163434,0
113346,0
130982,0
95010,0
76369,0
136301,0
88598,0
120632,0
201161,0
38785,0
163769,0
31529,0
149278,0
185001,0
74996,0
88530,0
47937,0
160480,0
195817,0
202993,0
134626,0
35835,0
215675,0
210230,0
190996,0
94978,0
176203,0
85132,0
24271,0
66179,0
144096,0
121964,0
187290,0
61529,0
149590,0
91071,0
24115,0
133905,0
161354,0
31832,0
111767,0
153676,0
119639,0
32073,0
81337,0
64764,0
126295,0
70152,0
83306,0
36115,0
76065,0
208244,0
177059,0
82680,0
150852,0
181183,0
25727,0
161334,0
110279,0
122090,0
151015,0
88761,0
189080,0
69168,0
165476,0
193686,0
196295,0
33644,0
65946,0
149663,0
79151,0
119239,0
207108,0
183095,0
32241,0
93481,0
55637,0
56225,0
54281,0
41004,0
193896,0
206173,0
59952,0
109994,0
97140,0
60980,0
122748,0
131631,0
22008,0
88123,0
139668,0
207170,0
108131,0
21860,0
211647,0
205687,0
101921,0
206665,0
193488,0
96537,0
57287,0
46743,0
168127,0
75616,0
80946,0
73730,0
153747,0
194315,0
179724,0
77979,0
69532,0
21651,0
161268,0
147779,0
170076,0
100516,0
56897,0
129604,0
52215,0
112818,0
128964,0
210558,0
96402,0
79109,0
206463,0
75413,0
214632,0
179625,0
150905,0
29452,0
87672,0
182460,0
155428,0
51476,0
26265,0
53311,0
107404,0
92830,0
23174,0
80001,0
69267,0
200668,0
124625,0
219676,0
184083,0
69696,0
75955,0
218458,0
39135,0
214211,0
71360,0
155966,0
28713,0
32264,0
62591,0
42762,0
63237,0
37973,0
203916,0
162570,0
60348,0
69150,0
148364,0
135242,0
93839,0
172589,0
97074,0
80270,0
170493,0
38935,0
179477,0
21462,0
136340,0
211126,0
100298,0
101792,0
164053,0
217429,0
113963,0
44165,0
89647,0
103505,0
33913,0
41656,0
145189,0
113787,0
178921,0
157981,0
98496,0
61159,0
200672,0
30039,0
44499,0
159386,0
82090,0
107341,0
69862,0
63106,0
30831,0
137862,0
190604,0
58565,0
132279,0
141841,0
71025,0
96261,0
140847,0
201133,0
199209,0
56509,0
169628,0
194860,0
209721,0
72154,0
99798,0
106826,0
60330,0
97898,0
161624,0
20511,0
34606,0
201847,0
29259,0
100762,0
30706,0
207104,0
38807,0
168585,0
103499,0
179998,0
89360,0
67407,0
128470,0
31196,0
126788,0
66347,0
150971,0
116397,0
67103,0
164571,0
113479,0
152859,0
159567,0
33416,0
31265,0
63498,0
48263,0
167155,0
144229,0
96122,0
143511,0
69977,0
184250,0
155862,0
146790,0
91793,0
89930,0
197765,0
212318,0
188744,0
192422,0
193148,0
83390,0
80962,0
93626,0
30784,0
52315,0
77547,0
200913,0
207063,0
203366,0
192658,0
70160,0
99938,0
181931,0
34809,0
177945,0
104178,0
170550,0
141720,0
199167,0
139523,0
191631,0
39102,0
110144,0
191592,0
154392,0
77709,0
39817,0
91038,0
101540,0
66549,0
131506,0
84686,0
209486,0
97718,0
72207,0
97041,0
69689,0
65730,0
105197,0
204966,0
168890,0
200680,0
106566,0
41475,0
30707,0
126344,0
193613,0
203221,0
130290,0
210771,0
82089,0
131166,0
77384,0
33854,0
38504,0
192295,0
44514,0
20174,0
97332,0
152228,0
34107,0
219916,0
111972,0
132300,0
197319,0
140340,0
38607,0
107303,0
208148,0
185419,0
103141,0
219710,0
206896,0
26035,0
135180,0
123459,0
59663,0
198253,0
20301,0
136531,0
196283,0
127808,0
150680,0
41778,0
47454,0
216808,0
22766,0
146442,0
50936,0
187962,0
136944,0
42889,0
124015,0
176346,0
90978,0
98182,0
151410,0
55439,0
97484,0
20039,0
31409,0
130240,0
179174,0
127687,0
75279,0
100155,0
21064,0
200118,0
124530,0
167591,0
167695,0
160500,0
36451,0
209741,0
182159,0
133207,0
117656,0
92711,0
27388,0
82954,0
72326,0
191216,0
191430,0
56727,0
68612,0
41123,0
166472,0
125193,0
176941,0
97397,0
101237,0
21367,0
176519,0
28267,0
35654,0
47053,0
179171,0
147831,0
173503,0
133100,0
123571,0
104309,0
179884,0
167990,0
52555,0
84479,0
156714,0
26832,0
76315,0
123206,0
149112,0
212071,0
91041,0
35003,0
28482,0
46306,0
35390,0
149146,0
185385,0
199136,0
198995,0
214864,0
172951,0
210252,0
40667,0
47684,0
27138,0
68892,0
111894,0
187572,0
111188,0
42815,0
103148,0
52517,0
152360,0
45371,0
186578,0
44999,0
170058,0
113444,0
136312,0
72396,0
207886,0
177023,0
218816,0
83342,0
196999,0
64224,0
192207,0
71237,0
158448,0
175889,0
74915,0
216392,0
187466,0
60192,0
200630,0
110354,0
184160,0
133058,0
50542,0
100259,0
180220,0
219496,0
139374,0
196081,0
143512,0
157629,0
69829,0
60066,0
100821,0
45704,0
140764,0
59752,0
162233,0
201751,0
77355,0
188803,0
44021,0
34383,0
183496,0
170307,0
216782,0
59810,0
76750,0
48993,0
94734,0
144657,0
33598,0
181478,0
96102,0
121341,0
70799,0
93572,0
120433,0
94720,0
140722,0
73510,0
209364,0
158857,0
44705,0
88858,0
198176,0
139092,0
92840,0
138786,0
87508,0
63635,0
129923,0
216150,0
198550,0
174013,0
42765,0
164439,0
146290,0
97093,0
79123,0
113134,0
218472,0
134132,0
22508,0
45082,0
100665,0
199391,0
83455,0
52008,0
149941,0
202810,0
27379,0
167211,0
164719,0
193185,0
49995,0
65538,0
92070,0
171297,0
173777,0
144382,0
216493,0
191090,0
122818,0
155043,0
80907,0
163784,0
81607,0
127696,0
20143,0
51613,0
151084,0
69303,0
136625,0
103793,0
113048,0
132051,0
123188,0
138193,0
55724,0
186389,0
46371,0
134526,0
75621,0
149438,0
192260,0
78249,0
163039,0
41567,0
80000,0
74562,0
155828,0
165168,0
20765,0
80273,0
189845,0
138473,0
70148,0
74216,0
27637,0
150107,0
90728,0
84639,0
98017,0
194845,0
40024,0
215010,0
69527,0
80413,0
155616,0
178141,0
160233,0
93523,0
68187,0
156456,0
140202,0
202269,0
155085,0
138095,0
70943,0
42067,0
125967,0
102215,0
211175,0
24140,0
48434,0
56112,0
57245,0
113333,0
123498,0
155766,0
157715,0
205602,0
45969,0
37456,0
134765,0
130818,0
44697,0
64053,0
42129,0
46744,0
213114,0
68167,0
165430,0
169669,0
100648,0
125053,0
79235,0
47626,0
125883,0
136484,0
92301,0
119223,0
154592,0
192827,0
73652,0
184730,0
179853,0
120056,0
169266,0
119329,0
94137,0
62588,0
129639,0
29381,0
112427,0
209967,0
136442,0
103208,0
181683,0
207788,0
47485,0
71598,0
148644,0
145766,0
49907,0
212845,0
216523,0
36885,0
169926,0
72836,0
70426,0
56645,0
153637,0
57821,0
89257,0
73956,0
146021,0
192741,0
187701,0
212629,0
117229,0
146773,0
147898,0
188990,0
57758,0
206677,0
131426,0
151359,0
72081,0
129797,0
54830,0
153244,0
24957,0
106761,0
89786,0
30547,0
138021,0
101516,0
142808,0
194266,0
31882,0
41907,0
68723,0
61091,0
84699,0
197784,0
117089,0
198806,0
218779,0
173349,0
81503,0
175162,0
20994,0
20158,0
116503,0
83502,0
132271,0
90510,0
30358,0
104054,0
145386,0
210223,0
116053,0
65870,0
190419,0
98931,0
210664,0
94083,0
63060,0
163466,0
157145,0
101361,0
39778,0
52903,0
154638,0
36297,0
130862,0
107035,0
103679,0
124608,0
196392,0
166493,0
71915,0
195453,0
210725,0
30246,0
97308,0
30004,0
139636,0
31762,0
128678,0
73720,0
32900,0
156223,0
141617,0
39788,0
177380,0
215562,0
88862,0
49958,0
163052,0
80027,0
207937,0
127218,0
115610,0
215112,0
169418,0
110483,0
160275,0
164872,0
66586,0
131653,0
103849,0
169541,0
211829,0
86682,0
152639,0
157724,0
214180,0
182256,0
142431,0
115685,0
180894,0
98489,0
24021,0
87607,0
27157,0
89715,0
95928,0
155860,0
126303,0
156483,0
31010,0
212083,0
57915,0
151574,0
175605,0
190409,0
133400,0
106846,0
64287,0
204506,0
182135,0
176596,0
97934,0
198826,0
66208,0
186037,0
79490,0
94611,0
103858,0
190110,0
219455,0
207749,0
40915,0
46545,0
145954,0
124411,0
50133,0
164563,0
142393,0
194936,0
21119,0
135107,0
214560,0
65408,0
96624,0
43748,0
55195,0
84109,0
51230,0
61145,0
97772,0
63417,0
41090,0
168666,0
125055,0
43995,0
140006,0
127663,0
168727,0
89753,0
194878,0
30767,0
147950,0
209256,0
106989,0
172780,0
53519,0
219838,0
27376,0
211475,0
159061,0
160673,0
143582,0
141904,0
128196,0
99777,0
30987,0
196905,0
56486,0
124541,0
83618,0
123816,0
63319,0
186686,0
82178,0
185992,0
217700,0
189976,0
114467,0
142540,0
51938,0
219736,0
213439,0
134291,0
217140,0
116844,0
112011,0
190227,0
68553,0
153954,0
119762,0
177965,0
188661,0
72805,0
28040,0
203011,0
26899,0
141348,0
54201,0
145776,0
214373,0
86273,0
77388,0
132823,0
157617,0
210382,0
203510,0
48998,0
143270,0
31518,0
206840,0
41340,0
57841,0
85856,0
52634,0
144992,0
130189,0
152503,0
107970,0
210933,0
183721,0
65537,0
85948,0
102919,0
174963,0
114892,0
144632,0
49372,0
124710,0
183980,0
171604,0
154226,0
64313,0
180787,0
25640,0
148668,0
63517,0
72052,0
58973,0
185707,0
87038,0
82447,0
151765,0
21844,0
145264,0
166011,0
58317,0
202769,0
173929,0
57555,0
161442,0
217028,0
163750,0
130977,0
83601,0
209822,0
196786,0
34034,0
79988,0
155951,0
70845,0
99113,0
197709,0
105496,0
95045,0
25709,0
85646,0
71124,0
195920,0
167332,0
190699,0
93085,0
207883,0
164939,0
138838,0
127230,0
128869,0
125288,0
202750,0
196301,0
52012,0
191616,0
42604,0
183935,0
120574,0
73957,0
21315,0
60079,0
31092,0
85353,0
167752,0
148006,0
197393,0
88067,0
59434,0
125665,0
218066,0
212753,0
64397,0
189480,0
182669,0
46553,0
123858,0
140641,0
133503,0
118081,0
195660,0
108477,0
170153,0
144377,0
153468,0
99727,0
179585,0
171431,0
30893,0
90131,0
153047,0
43186,0
200230,0
88958,0
84958,0
193360,0
95756,0
132477,0
197426,0
195933,0
198622,0
196816,0
43634,0
184271,0
165731,0
39864,0
135726,0
54190,0
121938,0
174854,0
157835,0
107016,0
148128,0
47405,0
135712,0
90201,0
218963,0
112606,0
207572,0
38415,0
120797,0
129565,0
130925,0
189034,0
193338,0
96532,0
180050,0
213368,0
70509,0
79648,0
86400,0
212854,0
117529,0
100958,0
172317,0
60408,0
192607,0
85767,0
35068,0
24727,0
143871,0
69029,0
143761,0
26111,0
64444,0
55239,0
116716,0
53544,0
194876,0
43393,0
33538,0
39873,0
87229,0
208072,0
195779,0
131757,0
107058,0
152827,0
63066,0
50959,0
127257,0
51184,0
91025,0
113942,0
166465,0
111616,0
187813,0
30484,0
80726,0
103678,0
126675,0
133900,0
170006,0
115760,0
105820,0
136123,0
175780,0
162806,0
50431,0
111613,0
207121,0
194720,0
180992,0
42662,0
71994,0
162408,0
46127,0
164637,0
164538,0
40623,0
167364,0
65069,0
205330,0
142652,0
187064,0
52390,0
32913,0
107009,0
209799,0
37292,0
89305,0
184027,0
129674,0
127118,0
27155,0
174912,0
107410,0
186516,0
82088,0
189172,0
199250,0
184439,0
79763,0
171605,0
211393,0
216439,0
206026,0
116294,0
115933,0
66394,0
111651,0
96812,0
61813,0
107502,0
89645,0
100202,0
49360,0
180662,0
153562,0
181213,0
99213,0
72265,0
55822,0
181733,0
196057,0
128024,0
46230,0
202593,0
54267,0
114788,0
152981,0
132620,0
147517,0
214955,0
104759,0
168559,0
152987,0
47236,0
90819,0
203398,0
107159,0
53056,0
114717,0
109388,0
181645,0
32847,0
37012,0
83368,0
187333,0
187514,0
127162,0
205599,0
82486,0
86861,0
182470,0
124131,0
95637,0
102427,0
216500,0
178498,0
33466,0
107204,0
43274,0
196264,0
175640,0
87979,0
24434,0
151573,0
96554,0
57647,0
197658,0
137140,0
49508,0
108757,0
215741,0
209451,0
198794,0
108675,0
113076,0
207592,0
124175,0
193067,0
199322,0
24127,0
86557,0
197524,0
27074,0
143348,0
91725,0
98066,0
54210,0
174869,0
158637,0
140654,0
123725,0
162674,0
162951,0
108486,0
88759,0
117514,0
152301,0
32858,0
170258,0
124107,0
161186,0
53117,0
62225,0
90883,0
30440,0
194149,0
189834,0
190455,0
111108,0
22409,0
138833,0
161644,0
191915,0
42165,0
182982,0
160185,0
128526,0
86414,0
186749,0
51657,0
115336,0
213647,0
174871,0
189305,0
71750,0
122239,0
197568,0
207657,0
181943,0
24736,0
193386,0
54345,0
197499,0
64054,0
98601,0
98091,0
212601,0
181798,0
65460,0
195702,0
74439,0
100281,0
186585,0
208081,0
125084,0
87915,0
100706,0
76967,0
164851,0
191247,0
34933,0
216781,0
156505,0
47003,0
189256,0
33825,0
136054,0
132292,0
143135,0
79171,0
138979,0
49578,0
102768,0
149518,0
140107,0
78203,0
29940,0
75227,0
184647,0
95601,0
127782,0
101332,0
188229,0
147205,0
93443,0
173407,0
52488,0
44126,0
105375,0
201416,0
143514,0
149406,0
26812,0
161636,0
65013,0
100140,0
162094,0
46434,0
114512,0
41679,0
107575,0
218507,0
180593,0
96160,0
121691,0
183351,0
161127,0
139613,0
128376,0
178350,0
72915,0
175489,0
207659,0
215203,0
215677,0
62222,0
51333,0
87837,0
204700,0
166269,0
204495,0
33875,0
88416,0
139482,0
61153,0
160293,0
47039,0
34063,0
210190,0
88674,0
36704,0
92573,0
99104,0
147233,0
56728,0
210188,0
27269,0
39625,0
65152,0
154953,0
212783,0
87609,0
126497,0
70199,0
46538,0
40253,0
57299,0
47363,0
190810,0
178953,0
98712,0
191919,0
129766,0
134246,0
157320,0
166419,0
202001,0
192393,0
37197,0
108287,0
122296,0
191045,0
202018,0
87655,0
90091,0
38144,0
80815,0
107325,0
157215,0
31681,0
126710,0
132532,0
161757,0
97366,0
204151,0
57036,0
217794,0
41681,0
62917,0
209353,0
199525,0
186562,0
26398,0
204788,0
194759,0
173793,0
191518,0
69989,0
169876,0
109437,0
140224,0
205942,0
25566,0
169885,0
67662,0
193252,0
178205,0
101127,0
99981,0
37080,0
20559,0
192201,0
82745,0
202653,0
111436,0
179498,0
27660,0
87035,0
191052,0
176060,0
184151,0
162870,0
26091,0
210047,0
39060,0
90677,0
213772,0
87354,0
148312,0
172179,0
145999,0
186676,0
138320,0
205940,0
62964,0
108467,0
79882,0
49219,0
179243,0
50465,0
123993,0
116694,0
143366,0
179468,0
119886,0
30228,0
44583,0
195470,0
124828,0
118462,0
162736,0
104538,0
158994,0
136092,0
168061,0
76840,0
28956,0
94873,0
170795,0
190905,0
84668,0
81347,0
57563,0
208436,0
40669,0
122401,0
174833,0
30541,0
69584,0
132547,0
182461,0
137192,0
51520,0
195025,0
214930,0
43867,0
94736,0
46635,0
151513,0
149578,0
194630,0
192280,0
34120,0
41551,0
87997,0
192756,0
72421,0
66767,0
200961,0
31575,0
42137,0
172668,0
125059,0
109904,0
142458,0
102275,0
143254,0
97538,0
69128,0
52600,0
70915,0
68526,0
100188,0
160422,0
61024,0
100197,0
206508,0
211688,0
208460,0
173747,0
132450,0
149979,0
115119,0
79477,0
84997,0
152927,0
160504,0
148761,0
213925,0
195564,0
66426,0
143625,0
88808,0
118926,0
131939,0
185085,0
149385,0
67710,0
128051,0
170040,0
181725,0
89662,0
187341,0
166146,0
158839,0
160588,0
147822,0
92352,0
204811,0
164466,0
25400,0
214476,0
26348,0
142942,0
131668,0
122850,0
48892,0
114218,0
102035,0
181347,0
167747,0
88570,0
20798,0
73343,0
207321,0
82190,0
20251,0
130259,0
149792,0
58111,0
189992,0
126141,0
82114,0
167537,0
194854,0
167603,0
134602,0
171359,0
116567,0
113228,0
155176,0
155410,0
107711,0
191115,0
117874,0
133860,0
34680,0
88443,0
141065,0
177537,0
207437,0
164839,0
206244,0
169059,0
66751,0
69576,0
151164,0
115867,0
126402,0
68430,0
43853,0
60015,0
50672,0
130777,0
50563,0
23797,0
68271,0
97948,0
79390,0
41888,0
43952,0
162368,0
24357,0
53776,0
50912,0
165656,0
89606,0
67119,0
150122,0
63080,0
209999,0
92084,0
118136,0
78432,0
36689,0
54523,0
178067,0
109264,0
194919,0
93677,0
45924,0
39047,0
78404,0
57679,0
216989,0
84892,0
151419,0
149696,0
76102,0
142362,0
136617,0
56649,0
157963,0
78640,0
164491,0
48243,0
133386,0
182800,0
160206,0
212301,0
58203,0
217268,0
105214,0
106465,0
52076,0
107232,0
130208,0
152794,0
100756,0
68648,0
208997,0
54919,0
77896,0
199559,0
51055,0
150998,0
70975,0
49361,0
63117,0
83506,0
43297,0
180554,0
94921,0
90097,0
203538,0
36166,0
216539,0
114258,0
188283,0
151423,0
97755,0
26538,0
206949,0
193617,0
143907,0
46377,0
127482,0
174847,0
68976,0
175191,0
180573,0
156737,0
95954,0
169782,0
192291,0
141284,0
58748,0
168531,0
20420,0
212243,0
31724,0
56429,0
83861,0
77836,0
157557,0
148371,0
76435,0
110078,0
192392,0
36143,0
56074,0
162100,0
80198,0
45018,0
65557,0
22199,0
56792,0
128378,0
162562,0
73330,0
68436,0
33614,0
46643,0
97139,0
141235,0
217856,0
30618,0
205305,0
208591,0
119447,0
62610,0
53593,0
29738,0
85624,0
176856,0
54040,0
160372,0
64204,0
204428,0
128442,0
92887,0
212114,0
39359,0
78529,0
171237,0
141624,0
185948,0
193009,0
154725,0
52934,0
45237,0
123826,0
37139,0
100328,0
72884,0
178226,0
157448,0
200919,0
148386,0
40767,0
72996,0
123043,0
210011,0
144380,0
153399,0
125708,0
31037,0
84284,0
198423,0
122519,0
80729,0
152034,0
50536,0
145843,0
49122,0
113944,0
60042,0
132915,0
194685,0
89145,0
198095,0
132025,0
56322,0
148322,0
45639,0
184069,0
65592,0
80459,0
34460,0
47515,0
142878,0
203967,0
178557,0
208697,0
29776,0
83376,0
151360,0
131801,0
212390,0
62443,0
167472,0
40461,0
213158,0
119318,0
20451,0
148716,0
67581,0
164665,0
64984,0
208492,0
79411,0
34147,0
49795,0
181918,0
198223,0
194561,0
153475,0
83854,0
22101,0
166121,0
124719,0
88316,0
69840,0
97341,0
142873,0
179255,0
70905,0
141370,0
134280,0
195364,0
57089,0
193184,0
206731,0
107525,0
42773,0
75606,0
20118,0
63536,0
31619,0
169480,0
20367,0
130625,0
147648,0
54931,0
139456,0
180243,0
85498,0
111805,0
129864,0
200003,0
107307,0
218905,0
54293,0
65182,0
74246,0
108337,0
123131,0
89765,0
86108,0
195504,0
41026,0
114971,0
116863,0
185895,0
60602,0
65178,0
79419,0
87529,0
31301,0
134597,0
206453,0
217152,0
126694,0
200359,0
197580,0
172396,0
154197,0
133651,0
26643,0
126508,0
33208,0
141763,0
135895,0
159281,0
209900,0
159749,0
48805,0
125075,0
195581,0
206785,0
182393,0
76823,0
24093,0
160020,0
155686,0
79769,0
164446,0
204059,0
76014,0
55197,0
44202,0
31221,0
200015,0
115652,0
81895,0
165215,0
175296,0
22421,0
41553,0
20023,0
205597,0
91333,0
159694,0
169462,0
145742,0
217386,0
48443,0
37979,0
134051,0
174855,0
113317,0
178131,0
209171,0
115471,0
198064,0
73414,0
181909,0
140086,0
194177,0
104425,0
26557,0
86583,0
160687,0
23065,0
21977,0
172541,0
56655,0
134970,0
102068,0
31544,0
107914,0
148915,0
90049,0
33585,0
105024,0
47607,0
68583,0
32863,0
150087,0
43385,0
43692,0
180479,0
205340,0
94390,0
130017,0
44104,0
213964,0
84152,0
99197,0
208104,0
146692,0
48900,0
182510,0
78574,0
163690,0
176003,0
108635,0
159221,0
145389,0
215156,0
121137,0
140292,0
117569,0
106368,0
54814,0
119970,0
67631,0
177828,0
216299,0
68967,0
36355,0
68000,0
69731,0
74159,0
207421,0
208441,0
159207,0
153489,0
139459,0
204837,0
143990,0
107290,0
79632,0
219609,0
196433,0
159419,0
66899,0
80100,0
217691,0
97165,0
88044,0
162129,0
145772,0
48417,0
96661,0
82379,0
118257,0
202899,0
174086,0
102139,0
92749,0
24004,0
173414,0
186912,0
219427,0
210142,0
146369,0
171890,0
113831,0
49208,0
103021,0
179913,0
192908,0
219351,0
189221,0
169830,0
86109,0
92434,0
63639,0
68633,0
172483,0
162683,0
81409,0
90820,0
129985,0
129193,0
140762,0
219926,0
33152,0
203890,0
179851,0
75499,0
164084,0
193475,0
181621,0
134156,0
46267,0
198075,0
207227,0
172002,0
114144,0
29744,0
175106,0
154756,0
198437,0
24183,0
119954,0
112655,0
189114,0
48704,0
199879,0
81233,0
179840,0
44936,0
132283,0
215483,0
60625,0
198056,0
126993,0
84382,0
165356,0
198491,0
70749,0
22398,0
35890,0
54172,0
148355,0
114829,0
33483,0
73736,0
145887,0
179129,0
157802,0
185129,0
91297,0
49916,0
88498,0
180356,0
65052,0
128899,0
219815,0
77375,0
104926,0
143452,0
22973,0
154974,0
194307,0
95865,0
81073,0
72234,0
147678,0
47776,0
199536,0
124119,0
218784,0
132241,0
38346,0
73966,0
116191,0
94636,0
129917,0
123048,0
137542,0
35957,0
213608,0
66704,0
174856,0
80098,0
203455,0
77702,0
47890,0
147347,0
150787,0
157167,0
57230,0
177082,0
102553,0
196888,0
89730,0
210833,0
143928,0
208776,0
151594,0
216805,0
142655,0
72607,0
28773,0
44909,0
101750,0
213184,0
114019,0
140106,0
115049,0
83236,0
175067,0
183153,0
115920,0
196895,0
72236,0
141757,0
53414,0
78034,0
154736,0
207981,0
153746,0
34031,0
212885,0
211840,0
116165,0
207593,0
73781,0
197146,0
120426,0
183248,0
138246,0
42054,0
93973,0
125480,0
187655,0
75526,0
126071,0
198927,0
131916,0
42907,0
112180,0
207580,0
106017,0
66775,0
46761,0
199601,0
99731,0
94307,0
91833,0
89462,0
27022,0
56247,0
94531,0
34408,0
28107,0
58196,0
103059,0
85169,0
26794,0
138282,0
164501,0
112375,0
28922,0
144240,0
100574,0
92691,0
145299,0
63112,0
205087,0
26108,0
29679,0
107516,0
41671,0
115752,0
78156,0
124927,0
207066,0
61183,0
77619,0
127925,0
67791,0
43080,0
183625,0
166169,0
205136,0
109409,0
100174,0
175225,0
99055,0
134424,0
65831,0
170529,0
197656,0
80979,0
152725,0
178907,0
151672,0
185764,0
29235,0
58234,0
151319,0
180682,0
194626,0
96391,0
67877,0
45972,0
99274,0
206907,0
155817,0
119778,0
85434,0
126204,0
131975,0
170575,0
192283,0
215765,0
91446,0
52822,0
49692,0
131236,0
113050,0
183897,0
137296,0
89785,0
212476,0
68664,0
145613,0
127258,0
171942,0
43269,0
198002,0
203862,0
69995,0
181930,0
134154,0
99460,0
134689,0
132154,0
183695,0
207585,0
138308,0
100246,0
219064,0
194799,0
214471,0
22789,0
65726,0
180465,0
201552,0
142782,0
148691,0
40078,0
141604,0
53097,0
195003,0
32420,0
138312,0
86136,0
156562,0
184466,0
70072,0
154517,0
158674,0
73753,0
179903,0
199239,0
209877,0
132698,0
171904,0
57474,0
175375,0
180097,0
219416,0
157330,0
37605,0
186281,0
48165,0
126195,0
90503,0
29609,0
217864,0
83830,0
162190,0
21773,0
48197,0
91600,0
26097,0
23766,0
139723,0
29732,0
203629,0
39522,0
37109,0
52862,0
135117,0
104506,0
174062,0
189474,0
21071,0
191158,0
117517,0
77587,0
197791,0
56957,0
62220,0
145854,0
107833,0
70443,0
104126,0
146918,0
151598,0
188475,0
43488,0
99024,0
94999,0
175291,0
127176,0
22821,0
51647,0
57513,0
68397,0
196585,0
206254,0
210876,0
130169,0
140599,0
209061,0
206231,0
31900,0
129882,0
26860,0
157000,0
201479,0
137797,0
179521,0
38762,0
84028,0
83308,0
218785,0
35929,0
76843,0
208173,0
151580,0
24525,0
179201,0
31669,0
97560,0
137063,0
135486,0
164882,0
112210,0
55673,0
46892,0
128080,0
178280,0
203962,0
81522,0
216491,0
25207,0
112084,0
151609,0
162387,0
112465,0
123033,0
169890,0
100318,0
43528,0
94679,0
81963,0
50123,0
150593,0
56974,0
29706,0
190189,0
208077,0
86344,0
93297,0
190315,0
205247,0
197074,0
203757,0
210280,0
195224,0
155388,0
160084,0
208570,0
115526,0
140926,0
161626,0
141557,0
91919,0
119047,0
53559,0
158452,0
43165,0
45254,0
111438,0
21470,0
139628,0
218344,0
93169,0
77181,0
191438,0
101877,0
147086,0
144453,0
123137,0
196950,0
217964,0
76968,0
75089,0
57670,0
64720,0
172611,0
155486,0
176516,0
148337,0
149027,0
77856,0
74214,0
37275,0
199272,0
149857,0
137281,0
102800,0
57296,0
140930,0
25958,0
77295,0
166711,0
204257,0
114388,0
39495,0
97691,0
214792,0
142065,0
162856,0
138912,0
142544,0
49715,0
166015,0
184420,0
128912,0
73452,0
66660,0
212374,0
165974,0
107220,0
63682,0
125159,0
152390,0
102032,0
137478,0
117485,0
102198,0
111915,0
164152,0
53649,0
23733,0
40629,0
77890,0
162568,0
122044,0
97614,0
91253,0
91696,0
104946,0
78710,0
88124,0
203435,0
123430,0
45953,0
51548,0
71531,0
103800,0
195271,0
172652,0
177681,0
122071,0
48780,0
168502,0
96947,0
105537,0
151973,0
122769,0
165087,0
116667,0
193737,0
157466,0
72707,0
46708,0
37440,0
106699,0
178998,0
155659,0
62206,0
47854,0
54340,0
177825,0
121816,0
89263,0
170746,0
133038,0
131725,0
58151,0
83410,0
125537,0
144311,0
139279,0
75862,0
127909,0
212447,0
89839,0
169388,0
171667,0
109640,0
181690,0
32313,0
133454,0
164708,0
136640,0
68482,0
212761,0
27142,0
66006,0
55449,0
178712,0
60099,0
62032,0
129960,0
59682,0
208429,0
118264,0
96340,0
109210,0
206740,0
173588,0
116758,0
168094,0
152044,0
184387,0
57669,0
116332,0
204390,0
169145,0
52542,0
89888,0
76287,0
209090,0
84524,0
69082,0
93590,0
60880,0
61608,0
105095,0
205345,0
207210,0
159159,0
173070,0
57061,0
191343,0
204589,0
187501,0
151353,0
102312,0
52019,0
51042,0
135504,0
59474,0
53220,0
164496,0
40739,0
102741,0
163216,0
39217,0
151031,0
63656,0
92338,0
29614,0
49910,0
213963,0
29646,0
139904,0
34699,0
60146,0
140968,0
77620,0
73503,0
198046,0
206864,0
63493,0
59252,0
129172,0
156829,0
95405,0
198230,0
81969,0
45860,0
31144,0
27516,0
203359,0
58564,0
154942,0
41927,0
100111,0
85341,0
148558,0
86145,0
52755,0
80859,0
149681,0
28079,0
144108,0
115753,0
33800,0
49883,0
52124,0
120956,0
25650,0
22989,0
20313,0
102048,0
96611,0
110427,0
152472,0
24704,0
170102,0
144441,0
213553,0
150834,0
216387,0
80394,0
66102,0
114147,0
59646,0
108439,0
120914,0
94491,0
116009,0
142624,0
192274,0
137957,0
93541,0
99868,0
24118,0
67240,0
87398,0
151142,0
211884,0
174208,0
102873,0
100029,0
37361,0
83363,0
41508,0
117454,0
145701,0
215011,0
193204,0
37867,0
70911,0
142573,0
83505,0
122391,0
38985,0
28563,0
29661,0
207195,0
204531,0
119981,0
115430,0
147173,0
209129,0
175724,0
68912,0
20456,0
205583,0
110283,0
175811,0
55484,0
80679,0
120918,0
61391,0
173514,0
140449,0
210748,0
86913,0
34746,0
201860,0
178295,0
121773,0
182146,0
113691,0
136960,0
33822,0
67786,0
43566,0
20851,0
135083,0
79749,0
76886,0
100699,0
68162,0
94707,0
151371,0
20181,0
49859,0
179676,0
195141,0
102383,0
93790,0
99247,0
41149,0
35549,0
28849,0
206154,0
119003,0
56548,0
42279,0
30887,0
93294,0
61217,0
167799,0
152400,0
139534,0
99457,0
175520,0
173690,0
179265,0
144773,0
56874,0
83482,0
178446,0
74336,0
67455,0
211121,0
27663,0
169095,0
167137,0
59216,0
88968,0
200924,0
125517,0
153043,0
191243,0
193036,0
55350,0
210783,0
176793,0
71761,0
121972,0
114371,0
32938,0
39702,0
96687,0
67984,0
67459,0
140563,0
66881,0
103761,0
123984,0
207023,0
82052,0
194803,0
201090,0
59907,0
39089,0
211797,0
168050,0
141038,0
181633,0
183672,0
73699,0
212685,0
43731,0
165029,0
113916,0
39161,0
108987,0
137796,0
213750,0
109134,0
89156,0
107288,0
159376,0
115549,0
154413,0
20225,0
192557,0
173658,0
91584,0
143322,0
89218,0
60023,0
160305,0
40597,0
45717,0
55761,0
143124,0
44323,0
43161,0
115076,0
62305,0
177372,0
125207,0
197263,0
192956,0
85933,0
49057,0
66467,0
212375,0
192585,0
69398,0
46163,0
139872,0
34738,0
148749,0
41957,0
212208,0
128632,0
45667,0
130550,0
176373,0
137253,0
31009,0
132443,0
77000,0
163297,0
163077,0
90942,0
24744,0
55021,0
125780,0
137383,0
73295,0
50745,0
168049,0
36643,0
118733,0
130504,0
55574,0
46135,0
52287,0
44866,0
125439,0
125767,0
109025,0
123105,0
146374,0
144691,0
49302,0
137251,0
97182,0
109998,0
63464,0
191535,0
156626,0
42060,0
173077,0
90330,0
49098,0
157355,0
118776,0
48674,0
184804,0
110575,0
66083,0
69733,0
40318,0
191711,0
29150,0
62806,0
95242,0
141019,0
133740,0
192255,0
125921,0
83585,0
65517,0
124512,0
153217,0
182651,0
153872,0
22683,0
178792,0
101752,0
190664,0
40865,0
174600,0
179785,0
203448,0
114967,0
212558,0
186176,0
202699,0
211422,0
124640,0
107799,0
45019,0
82862,0
33368,0
62941,0
105606,0
161865,0
36439,0
121768,0
129393,0
101031,0
114684,0
86547,0
184474,0
182278,0
64060,0
186970,0
128573,0
74071,0
83991,0
20249,0
164358,0
208700,0
112797,0
53189,0
200975,0
94482,0
67723,0
205503,0
153261,0
50812,0
175637,0
75549,0
70155,0
83943,0
87565,0
125150,0
208092,0
176549,0
72974,0
116500,0
27699,0
65116,0
210467,0
198603,0
76240,0
124055,0
74659,0
39109,0
165919,0
160384,0
121701,0
152266,0
37231,0
186565,0
29860,0
40679,0
79572,0
41524,0
150300,0
69950,0
218967,0
151058,0
153670,0
65212,0
125476,0
25537,0
74477,0
72232,0
194511,0
160558,0
106361,0
63429,0
120937,0
182546,0
159740,0
199688,0
177814,0
105993,0
43259,0
30102,0
144124,0
219707,0
185538,0
128158,0
77640,0
215003,0
166714,0
206306,0
175643,0
95341,0
47661,0
127916,0
174773,0
190090,0
37395,0
128204,0
180695,0
112318,0
111926,0
37672,0
210893,0
157246,0
208822,0
119467,0
72595,0
142887,0
169869,0
176142,0
83045,0
205962,0
152379,0
100861,0
217469,0
45140,0
217388,0
144824,0
194355,0
200558,0
112964,0
207737,0
112080,0
24557,0
128059,0
85233,0
59851,0
88320,0
147807,0
217034,0
105156,0
86537,0
174439,0
125233,0
201191,0
142062,0
182032,0
210814,0
20070,0
117678,0
164909,0
178824,0
123179,0
48248,0
39413,0
87184,0
193039,0
32894,0
198148,0
112065,0
151351,0
186788,0
68448,0
64206,0
54360,0
35080,0
73319,0
130478,0
43998,0
133407,0
128721,0
179205,0
202805,0
159445,0
31314,0
62350,0
216374,0
219069,0
207872,0
159571,0
162390,0
186423,0
110992,0
37787,0
153207,0
71212,0
199660,0
84622,0
86502,0
218322,0
126949,0
190428,0
65742,0
41398,0
66634,0
132270,0
176109,0
21184,0
78374,0
162985,0
89096,0
29069,0
136835,0
183217,0
82022,0
82134,0
30118,0
179019,0
118454,0
198647,0
80860,0
43302,0
145968,0
98599,0
197177,0
168948,0
38789,0
60776,0
105818,0
141910,0
209167,0
203071,0
212306,0
89946,0
190849,0
84374,0
115227,0
139235,0
68780,0
209016,0
25176,0
132683,0
92574,0
44562,0
194612,0
182629,0
129326,0
203424,0
21885,0
130200,0
177519,0
79354,0
84036,0
20728,0
182752,0
82062,0
128413,0
217918,0
194463,0
135494,0
150356,0
109956,0
191145,0
183475,0
148206,0
120377,0
26332,0
52962,0
61301,0
215590,0
32643,0
185348,0
147628,0
28893,0
178744,0
217272,0
29153,0
177918,0
190319,0
155024,0
169182,0
134901,0
131799,0
140508,0
155813,0
195830,0
29467,0
190508,0
203034,0
34023,0
196583,0
95989,0
167130,0
80822,0
180975,0
170207,0
43407,0
22048,0
210769,0
79253,0
136880,0
58634,0
209597,0
154452,0
195432,0
106784,0
103260,0
107880,0
61340,0
107663,0
148494,0
209849,0
103637,0
172237,0
112058,0
213843,0
115002,0
100852,0
213760,0
185691,0
205452,0
24887,0
25171,0
207767,0
155528,0
129093,0
128048,0
53602,0
145175,0
94846,0
182348,0
127588,0
48633,0
165991,0
28681,0
170448,0
143524,0
178788,0
181603,0
148685,0
195046,0
161692,0
144064,0
183759,0
72971,0
100936,0
188722,0
132199,0
189401,0
34649,0
100200,0
83744,0
137241,0
133816,0
100813,0
175256,0
171287,0
55881,0
120420,0
214707,0
90598,0
94206,0
141844,0
142520,0
203017,0
90582,0
195840,0
92303,0
49464,0
116152,0
140623,0
121334,0
96906,0
153525,0
116307,0
71686,0
193480,0
93762,0
155472,0
46528,0
47350,0
160350,0
95553,0
110983,0
51859,0
213999,0
32089,0
107879,0
121203,0
193098,0
41640,0
170753,0
51532,0
89189,0
27210,0
65228,0
60044,0
46160,0
84661,0
103732,0
154670,0
123832,0
175882,0
97822,0
201371,0
145443,0
188142,0
24694,0
74291,0
49618,0
151507,0
68654,0
134758,0
35711,0
39454,0
191611,0
112903,0
120198,0
139461,0
141262,0
162285,0
134305,0
105372,0
36446,0
179667,0
205208,0
21543,0
88699,0
159662,0
59921,0
196728,0
147153,0
128510,0
179339,0
195799,0
124027,0
148007,0
53383,0
58341,0
24696,0
99599,0
208423,0
43020,0
29911,0
210855,0
95514,0
151067,0
70008,0
100977,0
61419,0
205302,0
107742,0
49763,0
120716,0
187024,0
131514,0
152011,0
216020,0
65336,0
157857,0
205220,0
56332,0
42559,0
196678,0
68790,0
58245,0
185668,0
185017,0
120557,0
28134,0
170626,0
34823,0
74559,0
120617,0
157747,0
133692,0
149627,0
136547,0
153272,0
120012,0
68590,0
97962,0
163268,0
138279,0
148867,0
208014,0
43594,0
198392,0
213354,0
52103,0
213082,0
213079,0
77812,0
132931,0
133491,0
166128,0
65306,0
112244,0
101246,0
174349,0
83634,0
49964,0
148076,0
121078,0
101133,0
216814,0
72838,0
180872,0
139623,0
208318,0
195024,0
215063,0
79686,0
142400,0
89699,0
147471,0
198867,0
207734,0
94556,0
176486,0
118677,0
124619,0
182118,0
123477,0
192605,0
79200,0
22943,0
199533,0
163702,0
218023,0
123642,0
139286,0
110298,0
22750,0
72458,0
182706,0
97871,0
42675,0
107902,0
148302,0
105019,0
123586,0
46568,0
47224,0
32250,0
131460,0
97408,0
74087,0
125063,0
30243,0
42232,0
144050,0
188051,0
26787,0
108771,0
140778,0
51909,0
196020,0
113551,0
119543,0
160508,0
150732,0
185178,0
52001,0
83115,0
138398,0
182171,0
80404,0
110513,0
27414,0
70382,0
134498,0
202741,0
26280,0
39180,0
48109,0
24786,0
134884,0
208391,0
70201,0
116954,0
137204,0
169653,0
96974,0
142335,0
159007,0
45396,0
22592,0
84009,0
56453,0
158301,0
30800,0
212530,0
178249,0
172229,0
106225,0
53941,0
36062,0
101865,0
115107,0
114693,0
39961,0
200742,0
215865,0
148356,0
163292,0
122973,0
22201,0
87143,0
130174,0
45976,0
170506,0
144474,0
85867,0
208003,0
43431,0
121527,0
120164,0
156152,0
168219,0
170505,0
51534,0
166467,0
180377,0
41184,0
159369,0
207379,0
185095,0
131439,0
34391,0
39569,0
189412,0
128568,0
86041,0
64027,0
141097,0
115841,0
22567,0
23959,0
39470,0
57477,0
199362,0
103692,0
163280,0
180946,0
219136,0
105086,0
199413,0
93513,0
101140,0
166074,0
76637,0
141808,0
191940,0
157744,0
158330,0
48148,0
155721,0
111383,0
29515,0
67477,0
206501,0
61926,0
126315,0
218898,0
164643,0
148754,0
41832,0
158315,0
165096,0
177434,0
198945,0
57207,0
61600,0
151690,0
145880,0
112456,0
116434,0
58608,0
189920,0
151428,0
62807,0
176520,0
184335,0
72865,0
51583,0
103568,0
40922,0
101626,0
66501,0
23590,0
34250,0
26253,0
54434,0
116534,0
139125,0
109863,0
150113,0
136518,0
163664,0
87349,0
76126,0
79080,0
147486,0
64957,0
193122,0
138216,0
200706,0
214537,0
151350,0
161115,0
105168,0
30003,0
23104,0
33975,0
81615,0
155391,0
62934,0
132678,0
125923,0
86474,0
154848,0
126646,0
150162,0
41660,0
111559,0
103015,0
181688,0
106513,0
175861,0
143471,0
112718,0
53562,0
35168,0
100755,0
46905,0
25147,0
135457,0
148902,0
188715,0
144331,0
62172,0
104319,0
101519,0
67212,0
167865,0
97081,0
162012,0
33070,0
96369,0
215316,0
56766,0
213808,0
147227,0
170591,0
20968,0
152612,0
145782,0
93183,0
76251,0
160770,0
213168,0
178825,0
21673,0
178062,0
189835,0
30263,0
144366,0
203152,0
61038,0
133312,0
63125,0
169737,0
211440,0
162320,0
170679,0
125168,0
60898,0
179215,0
57315,0
205921,0
110112,0
110165,0
207022,0
43505,0
27185,0
142287,0
177764,0
175708,0
35594,0
149408,0
202075,0
44452,0
62140,0
99280,0
20977,0
117608,0
154520,0
201125,0
174113,0
192052,0
22997,0
51139,0
71813,0
77912,0
107924,0
41865,0
187179,0
167958,0
72000,0
70320,0
171995,0
195389,0
147071,0
162920,0
83335,0
184889,0
138212,0
125656,0
202412,0
161491,0
101636,0
213640,0
149434,0
187071,0
58291,0
68900,0
60638,0
137334,0
170077,0
22325,0
186556,0
161297,0
209604,0
146227,0
61590,0
55004,0
95840,0
46717,0
209884,0
72075,0
82123,0
76461,0
105799,0
48471,0
53603,0
49723,0
20993,0
124023,0
127319,0
194189,0
35049,0
73269,0
185695,0
168346,0
186640,0
53581,0
205938,0
146293,0
184334,0
130527,0
213972,0
219134,0
72118,0
81153,0
99958,0
107061,0
71141,0
188251,0
71574,0
205621,0
89706,0
144600,0
127260,0
180066,0
118837,0
184707,0
118702,0
161845,0
171794,0
37071,0
64504,0
36725,0
140635,0
131783,0
137232,0
215670,0
38430,0
184679,0
71549,0
141358,0
146874,0
124310,0
50231,0
44618,0
189684,0
170123,0
146604,0
202771,0
196803,0
59560,0
61253,0
110150,0
178224,0
118476,0
69951,0
185855,0
137509,0
48582,0
45359,0
183031,0
95273,0
128537,0
116642,0
87934,0
210095,0
204808,0
28456,0
153560,0
172704,0
65959,0
84213,0
145407,0
119404,0
38793,0
31001,0
201367,0
208736,0
45403,0
201336,0
178132,0
193083,0
215051,0
178951,0
30025,0
123878,0
219755,0
95629,0
71039,0
147542,0
193442,0
84986,0
69830,0
45075,0
144497,0
73234,0
219270,0
206894,0
116001,0
188913,0
110176,0
167565,0
36095,0
26835,0
35955,0
130219,0
31420,0
168987,0
34547,0
126000,0
64382,0
65118,0
71849,0
112224,0
168701,0
52037,0
169848,0
163437,0
112473,0
202496,0
122290,0
60911,0
132738,0
58969,0
181620,0
159228,0
187435,0
137805,0
211238,0
102858,0
149275,0
51728,0
171798,0
101684,0
86809,0
89929,0
193086,0
147650,0
112645,0
176271,0
193789,0
37739,0
149037,0
73672,0
40494,0
179547,0
151791,0
203625,0
78393,0
213611,0
28388,0
103405,0
218034,0
157235,0
188360,0
58730,0
138762,0
81082,0
86392,0
28036,0
72250,0
183508,0
178045,0
204167,0
98623,0
126527,0
208151,0
137556,0
139685,0
218506,0
82034,0
115597,0
30834,0
34731,0
52841,0
181727,0
181840,0
77367,0
91063,0
90486,0
50020,0
51572,0
180174,0
198301,0
49015,0
51985,0
115394,0
90481,0
214005,0
144931,0
65189,0
209321,0
94945,0
198138,0
115566,0
40799,0
41554,0
179628,0
175044,0
113270,0
136173,0
42964,0
77464,0
178223,0
169966,0
33612,0
132998,0
33847,0
98477,0
101024,0
39443,0
167190,0
75739,0
94934,0
109487,0
107032,0
22576,0
199577,0
27952,0
119579,0
162101,0
140145,0
28578,0
48520,0
162152,0
78220,0
46191,0
116242,0
80050,0
107387,0
181631,0
48053,0
71912,0
107563,0
175211,0
100505,0
135952,0
63034,0
143719,0
60735,0
135986,0
47474,0
82004,0
54012,0
23599,0
143312,0
123535,0
204081,0
29339,0
188428,0
83845,0
184591,0
84680,0
100939,0
111482,0
139261,0
215934,0
67934,0
82910,0
162371,0
118440,0
216279,0
169965,0
63302,0
200364,0
82416,0
61499,0
59350,0
42469,0
77361,0
140610,0
145550,0
83061,0
140529,0
141384,0
205552,0
111390,0
206405,0
192846,0
60519,0
86554,0
87978,0
146863,0
25302,0
91278,0
169431,0
93340,0
90176,0
65736,0
191843,0
40612,0
145680,0
147356,0
192205,0
108720,0
160886,0
126649,0
153302,0
109807,0
208509,0
160252,0
107251,0
166246,0
77040,0
127503,0
197822,0
146134,0
214541,0
76457,0
90443,0
35538,0
183407,0
185342,0
79702,0
184501,0
183894,0
214983,0
198248,0
198729,0
134907,0
182834,0
31142,0
212625,0
210153,0
132014,0
128045,0
63228,0
93688,0
164968,0
21093,0
153724,0
20147,0
93930,0
154834,0
133739,0
141901,0
202079,0
59165,0
149563,0
91911,0
152860,0
196119,0
156917,0
163220,0
158864,0
196993,0
183839,0
209143,0
126491,0
63733,0
159288,0
55199,0
59835,0
157040,0
28478,0
27817,0
170884,0
63993,0
77956,0
69097,0
70591,0
46060,0
138176,0
105901,0
26672,0
84403,0
32157,0
136137,0
175517,0
63458,0
103898,0
151620,0
59492,0
123946,0
160883,0
193308,0
107413,0
189928,0
86745,0
84877,0
71748,0
76210,0
119784,0
184998,0
28349,0
128232,0
72083,0
111292,0
131833,0
68958,0
181397,0
102554,0
52851,0
67660,0
20004,0
74104,0
89038,0
33964,0
105944,0
80872,0
191458,0
55879,0
214362,0
79341,0
149234,0
206493,0
161502,0
125097,0
195559,0
101788,0
32029,0
120308,0
95442,0
155433,0
81069,0
144650,0
117919,0
104737,0
89373,0
115565,0
196917,0
157965,0
65889,0
77480,0
192867,0
216672,0
75564,0
38623,0
64668,0
191665,0
178240,0
203154,0
134203,0
38261,0
91618,0
100098,0
134478,0
92788,0
198438,0
75983,0
63408,0
115587,0
98627,0
44711,0
102208,0
70192,0
78494,0
177152,0
114294,0
98068,0
155468,0
71071,0
140482,0
209172,0
77530,0
116507,0
86785,0
148888,0
164732,0
106148,0
115562,0
175194,0
156690,0
54306,0
73016,0
208253,0
77543,0
138505,0
105479,0
29961,0
70557,0
176242,0
149989,0
25794,0
36157,0
187357,0
59699,0
194972,0
196858,0
174097,0
164792,0
158162,0
129672,0
23142,0
180521,0
31278,0
82240,0
97401,0
53892,0
119717,0
208734,0
130389,0
184207,0
151968,0
213407,0
44142,0
143197,0
198050,0
111977,0
175798,0
160777,0
126609,0
36606,0
146216,0
117973,0
93651,0
191305,0
183548,0
129023,0
164588,0
152017,0
68684,0
110979,0
100733,0
156880,0
44098,0
149368,0
190170,0
26148,0
179116,0
175674,0
138570,0
42536,0
94610,0
176985,0
48933,0
188087,0
217330,0
188005,0
77984,0
74282,0
47385,0
48581,0
132416,0
74758,0
30114,0
85784,0
95765,0
38865,0
201755,0
145457,0
209927,0
98411,0
78962,0
144592,0
54933,0
58623,0
101343,0
140647,0
86634,0
194348,0
50875,0
217293,0
134998,0
76985,0
130747,0
41797,0
29832,0
112266,0
113707,0
74641,0
50684,0
177270,0
219529,0
84895,0
182883,0
183754,0
206276,0
47238,0
181343,0
115754,0
88324,0
121098,0
82198,0
112092,0
88127,0
152657,0
73715,0
191056,0
151272,0
141635,0
126253,0
124746,0
166100,0
97956,0
53101,0
179180,0
172324,0
24448,0
66254,0
112258,0
140357,0
55806,0
80697,0
40383,0
151715,0
92256,0
154107,0
204576,0
34141,0
143275,0
56186,0
101401,0
146298,0
80195,0
214752,0
58784,0
70275,0
80425,0
181216,0
28960,0
125541,0
45310,0
160098,0
54847,0
148733,0
175678,0
142642,0
203483,0
128836,0
196685,0
63082,0
89080,0
77864,0
84779,0
67515,0
148132,0
110812,0
79611,0
211930,0
194404,0
128698,0
160814,0
69908,0
62506,0
152030,0
159669,0
145120,0
192738,0
74119,0
182627,0
201102,0
30027,0
108550,0
198017,0
88176,0
155963,0
142708,0
219627,0
35227,0
185252,0
31767,0
135550,0
159763,0
193698,0
170327,0
192777,0
55539,0
46810,0
119891,0
120666,0
50400,0
193848,0
174264,0
142365,0
205246,0
205870,0
172409,0
115883,0
49137,0
116847,0
162782,0
150773,0
20196,0
152354,0
139334,0
89533,0
201305,0
138701,0
208474,0
110620,0
117436,0
82280,0
210143,0
37547,0
195393,0
79469,0
170670,0
145652,0
127630,0
157561,0
181848,0
209546,0
153590,0
60569,0
87925,0
138247,0
30363,0
117862,0
197533,0
134942,0
58637,0
138467,0
89367,0
190777,0
171261,0
141934,0
159476,0
99767,0
71259,0
130081,0
73322,0
91565,0
42488,0
176842,0
125216,0
22838,0
63032,0
36776,0
197943,0
148226,0
162073,0
168483,0
124133,0
118770,0
137482,0
218093,0
85619,0
189405,0
59621,0
196095,0
111657,0
215015,0
78120,0
77986,0
103205,0
49139,0
122408,0
88401,0
136820,0
113515,0
79435,0
27163,0
69741,0
109546,0
177121,0
56325,0
140496,0
152077,0
168131,0
22354,0
140479,0
192042,0
31099,0
27501,0
175745,0
215432,0
126636,0
147760,0
64200,0
63040,0
23192,0
43589,0
91131,0
205751,0
57746,0
103594,0
62199,0
191913,0
32625,0
168704,0
109008,0
27160,0
125123,0
134262,0
195609,0
116289,0
130888,0
167701,0
203955,0
207059,0
156224,0
107875,0
43300,0
160175,0
149172,0
87725,0
219278,0
175618,0
130773,0
37317,0
147520,0
112431,0
61387,0
185351,0
57773,0
167834,0
72380,0
122492,0
41503,0
169804,0
160368,0
89140,0
163018,0
135215,0
53070,0
104263,0
137250,0
40691,0
116864,0
116244,0
59109,0
82869,0
219664,0
181947,0
62901,0
178126,0
96897,0
114694,0
200138,0
85235,0
94444,0
41039,0
193361,0
110955,0
149381,0
176343,0
119740,0
157392,0
39371,0
77484,0
213728,0
26308,0
74420,0
204786,0
67880,0
154004,0
109369,0
58609,0
125221,0
105510,0
113847,0
68237,0
85641,0
31788,0
153105,0
208105,0
169470,0
71799,0
116996,0
35826,0
35909,0
54801,0
30682,0
163306,0
152829,0
188423,0
211169,0
191651,0
180913,0
20331,0
45966,0
102649,0
64217,0
53773,0
24101,0
215041,0
24518,0
33051,0
166032,0
204614,0
45163,0
126422,0
47086,0
124311,0
54716,0
84073,0
188317,0
213872,0
161805,0
187722,0
104042,0
164109,0
177830,0
147187,0
104145,0
63041,0
103019,0
112136,0
96836,0
32285,0
128513,0
214365,0
200793,0
195068,0
136262,0
129246,0
143008,0
218163,0
171411,0
43985,0
186475,0
194014,0
25380,0
26947,0
112050,0
208050,0
153758,0
182051,0
97593,0
96487,0
137709,0
90982,0
121795,0
165735,0
140296,0
208237,0
52670,0
72499,0
99891,0
74745,0
217068,0
159142,0
133228,0
147526,0
198043,0
45461,0
50791,0
94191,0
114145,0
208080,0
74046,0
34714,0
73422,0
100293,0
45873,0
218886,0
182945,0
62678,0
196697,0
190884,0
136928,0
165688,0
159273,0
189725,0
49671,0
59828,0
41615,0
183579,0
110859,0
99165,0
84287,0
187455,0
166650,0
160666,0
53701,0
153785,0
137975,0
66240,0
86241,0
150621,0
218010,0
192164,0
31887,0
178790,0
145983,0
174891,0
106759,0
27701,0
189645,0
164921,0
154708,0
118604,0
218078,0
159650,0
29391,0
54011,0
75052,0
169054,0
194682,0
212822,0
116577,0
154607,0
181600,0
209135,0
31694,0
172426,0
88018,0
127686,0
202914,0
46942,0
149571,0
190139,0
54567,0
40668,0
148646,0
41051,0
64665,0
99935,0
201345,0
141386,0
73783,0
195841,0
187042,0
91644,0
174594,0
71121,0
87049,0
40939,0
137350,0
168860,0
78942,0
214905,0
32193,0
105222,0
121523,0
106260,0
117935,0
163473,0
190899,0
30151,0
124177,0
24026,0
24859,0
209856,0
31480,0
124953,0
41729,0
88306,0
217390,0
128961,0
133928,0
161901,0
162882,0
102142,0
130583,0
98578,0
38668,0
21344,0
101473,0
79539,0
90318,0
56734,0
71459,0
166718,0
105573,0
121558,0
118465,0
86614,0
27455,0
133712,0
88248,0
93480,0
167856,0
142085,0
81768,0
83524,0
178321,0
34920,0
138189,0
179150,0
53426,0
61049,0
153572,0
185552,0
77096,0
41902,0
161306,0
33032,0
45726,0
173661,0
47280,0
63107,0
88091,0
43486,0
130233,0
31013,0
40714,0
32433,0
167596,0
181132,0
120679,0
39876,0
50457,0
44378,0
198338,0
47093,0
36406,0
208355,0
183390,0
184249,0
187719,0
115864,0
64493,0
119729,0
86410,0
157306,0
124185,0
24933,0
142554,0
152347,0
28172,0
168719,0
87665,0
31716,0
136657,0
58913,0
83772,0
113044,0
158813,0
207483,0
157102,0
60233,0
168994,0
216275,0
142405,0
77369,0
206945,0
76071,0
117284,0
132067,0
83173,0
44386,0
197231,0
141698,0
147298,0
38649,0
199070,0
204247,0
134052,0
72721,0
100644,0
137906,0
56213,0
205100,0
79692,0
82553,0
177390,0
20666,0
197115,0
123223,0
83999,0
23975,0
52036,0
78606,0
73355,0
138806,0
24912,0
47540,0
38552,0
184829,0
195579,0
141347,0
38476,0
201991,0
204909,0
129404,0
49630,0
165998,0
30169,0
133894,0
104709,0
35864,0
193888,0
158729,0
183929,0
87191,0
105684,0
57858,0
90714,0
95616,0
40874,0
92974,0
159951,0
214295,0
94385,0
33470,0
144874,0
180429,0
81158,0
109611,0
124736,0
74494,0
33493,0
164734,0
147789,0
151468,0
174201,0
98595,0
184974,0
20864,0
32352,0
170632,0
26813,0
201309,0
42644,0
95600,0
109091,0
84535,0
70413,0
151689,0
48620,0
122308,0
171105,0
22426,0
49193,0
70616,0
100258,0
188486,0
65036,0
64901,0
125132,0
218374,0
114344,0
87935,0
56510,0
145898,0
52467,0
121826,0
120263,0
164528,0
126498,0
78321,0
170044,0
50419,0
194276,0
188524,0
147314,0
30166,0
44305,0
193103,0
59062,0
110362,0
92457,0
201735,0
167473,0
191628,0
133342,0
112975,0
116779,0
208525,0
46530,0
73788,0
105640,0
195095,0
87657,0
199520,0
149221,0
35368,0
138142,0
162995,0
50641,0
209676,0
78743,0
139244,0
107003,0
149776,0
212849,0
191323,0
143114,0
42761,0
122861,0
95181,0
199586,0
58893,0
99472,0
207084,0
212767,0
219843,0
44393,0
46450,0
86520,0
166972,0
93201,0
202466,0
31592,0
83023,0
136503,0
134210,0
156749,0
68377,0
161421,0
53442,0
152375,0
159282,0
206348,0
181310,0
147949,0
102569,0
128653,0
204394,0
135112,0
32047,0
171496,0
183818,0
125987,0
125143,0
172916,0
131391,0
94522,0
158564,0
167245,0
198657,0
127051,0
207043,0
149093,0
135210,0
93179,0
137711,0
100524,0
89803,0
24112,0
71473,0
51213,0
110334,0
192297,0
208901,0
62705,0
88963,0
143228,0
211210,0
58420,0
106253,0
65920,0
199273,0
171614,0
210623,0
218571,0
166753,0
85209,0
67491,0
74912,0
33337,0
64144,0
123472,0
144351,0
161813,0
156916,0
123798,0
22334,0
108613,0
94520,0
69844,0
213170,0
151629,0
145072,0
173878,0
80560,0
107023,0
48889,0
25186,0
206486,0
183291,0
116712,0
39373,0
22226,0
154970,0
172387,0
187887,0
197898,0
99629,0
142508,0
58515,0
61605,0
99780,0
100106,0
94961,0
116388,0
58965,0
50092,0
46252,0
155475,0
47333,0
29296,0
85717,0
218113,0
183480,0
165851,0
200848,0
20018,0
53267,0
146656,0
69985,0
135423,0
130694,0
162011,0
46316,0
118045,0
26160,0
130918,0
211977,0
61401,0
214098,0
214134,0
129548,0
27270,0
170997,0
193502,0
66528,0
117774,0
160755,0
143012,0
60062,0
118843,0
142852,0
155985,0
47949,0
34189,0
185037,0
40722,0
175109,0
76089,0
116146,0
89019,0
201067,0
219407,0
171470,0
51459,0
126178,0
54893,0
98529,0
72509,0
82555,0
62299,0
182194,0
187545,0
97588,0
30540,0
156122,0
157290,0
206766,0
169850,0
214114,0
165863,0
142765,0
200011,0
96877,0
214022,0
158443,0
198185,0
70587,0
48267,0
47526,0
87466,0
116477,0
137736,0
182183,0
177151,0
165357,0
47212,0
183995,0
83331,0
195125,0
143037,0
176658,0
60608,0
183379,0
118125,0
80731,0
98553,0
104414,0
40170,0
99597,0
204123,0
126005,0
197642,0
196623,0
163208,0
73513,0
168291,0
85030,0
150530,0
26435,0
49317,0
207793,0
194017,0
147079,0
111987,0
103813,0
137693,0
212480,0
72217,0
98702,0
102172,0
162764,0
151135,0
54888,0
88646,0
159809,0
115063,0
111327,0
41299,0
137812,0
132228,0
207878,0
97553,0
117139,0
113363,0
84830,0
215924,0
118783,0
160569,0
173216,0
208991,0
157785,0
138731,0
76518,0
88828,0
101477,0
73386,0
190094,0
127526,0
169835,0
99412,0
155470,0
128735,0
132204,0
136645,0
23931,0
107386,0
33496,0
117827,0
208487,0
126786,0
20844,0
48116,0
119465,0
114545,0
177567,0
125814,0
94383,0
177427,0
209170,0
165957,0
70361,0
77281,0
126698,0
25357,0
83914,0
64564,0
73805,0
154904,0
122273,0
58426,0
192090,0
155583,0
34077,0
72351,0
62400,0
208971,0
142276,0
50799,0
148215,0
177403,0
197671,0
87423,0
165384,0
31595,0
114528,0
53280,0
167016,0
138083,0
54093,0
27689,0
70962,0
30353,0
159929,0
123111,0
174626,0
103342,0
213096,0
211756,0
44289,0
169503,0
141032,0
28712,0
163076,0
154096,0
175409,0
23962,0
122376,0
36713,0
94079,0
200887,0
173534,0
182351,0
212750,0
173557,0
51693,0
202780,0
163816,0
123411,0
177702,0
81394,0
148021,0
32907,0
78818,0
22099,0
22832,0
132675,0
100656,0
90494,0
193887,0
82451,0
23744,0
36548,0
204662,0
207266,0
203907,0
128644,0
140695,0
181961,0
57517,0
39624,0
143757,0
69176,0
58959,0
29135,0
37076,0
154768,0
68886,0
143970,0
105113,0
122286,0
206801,0
58220,0
158130,0
194543,0
55048,0
211863,0
209656,0
163203,0
164585,0
55492,0
208106,0
108105,0
97125,0
125313,0
39909,0
166518,0
29327,0
110431,0
72533,0
153897,0
21101,0
180142,0
39665,0
23805,0
218189,0
29867,0
184213,0
116805,0
21916,0
171740,0
154358,0
85188,0
94133,0
217812,0
114670,0
21205,0
77602,0
142941,0
68510,0
202996,0
28567,0
162475,0
81117,0
124072,0
134616,0
62840,0
169886,0
199044,0
197098,0
126663,0
99128,0
182696,0
49661,0
114609,0
122080,0
20951,0
98313,0
139153,0
53405,0
167334,0
195915,0
114861,0
181336,0
187144,0
102350,0
113644,0
180091,0
217614,0
94286,0
156423,0
100834,0
200910,0
66365,0
184087,0
46560,0
40172,0
195120,0
30503,0
59092,0
22029,0
180529,0
74307,0
179426,0
70626,0
219402,0
206682,0
155121,0
214764,0
77487,0
21133,0
160532,0
166190,0
159212,0
138013,0
217655,0
81562,0
130792,0
197992,0
182827,0
181483,0
36274,0
41432,0
179758,0
76018,0
131301,0
144254,0
181349,0
114005,0
37717,0
92463,0
169751,0
219714,0
132308,0
214198,0
54762,0
150992,0
178924,0
43828,0
66874,0
85959,0
210035,0
210867,0
179841,0
195750,0
100722,0
155898,0
30284,0
67851,0
207051,0
133617,0
59021,0
111287,0
203331,0
78857,0
66294,0
51211,0
172654,0
88534,0
50734,0
80239,0
52070,0
144664,0
72757,0
161654,0
215761,0
201088,0
45107,0
25481,0
24416,0
106963,0
80568,0
114251,0
147275,0
99227,0
211061,0
22924,0
134877,0
218708,0
207186,0
65399,0
61749,0
70761,0
183776,0
107137,0
170516,0
95485,0
23846,0
104573,0
199283,0
60346,0
107331,0
167168,0
96573,0
168978,0
184009,0
88363,0
91369,0
64227,0
101712,0
92827,0
119994,0
59785,0
105734,0
172709,0
156291,0
102821,0
24359,0
83568,0
122719,0
59858,0
110573,0
95494,0
41545,0
46788,0
173971,0
61803,0
118174,0
41421,0
124367,0
169420,0
184980,0
192025,0
111694,0
103522,0
166547,0
148621,0
89953,0
190429,0
139783,0
72226,0
164331,0
113888,0
186276,0
185547,0
192811,0
151444,0
127597,0
88495,0
194327,0
157613,0
149474,0
190711,0
155348,0
189072,0
55451,0
137764,0
68961,0
185294,0
189802,0
211363,0
90058,0
177258,0
120471,0
25852,0
146634,0
138429,0
166570,0
178068,0
202787,0
210012,0
183650,0
212668,0
122678,0
65491,0
24951,0
148183,0
30625,0
89078,0
42904,0
42180,0
34612,0
174945,0
116506,0
89640,0
97692,0
97258,0
79019,0
43659,0
34560,0
32288,0
60177,0
73890,0
109597,0
31708,0
143306,0
67881,0
219545,0
21914,0
92147,0
22040,0
200725,0
47573,0
106621,0
147751,0
87084,0
188374,0
23596,0
85054,0
123698,0
153249,0
138012,0
55438,0
46526,0
212086,0
121177,0
78990,0
128691,0
212450,0
37018,0
191173,0
90468,0
58666,0
199690,0
184706,0
173116,0
36120,0
199538,0
110071,0
189108,0
198037,0
45031,0
57184,0
96553,0
25866,0
187456,0
88119,0
35788,0
21887,0
111078,0
65274,0
200701,0
61452,0
110564,0
149042,0
50073,0
109228,0
62692,0
27636,0
199274,0
71846,0
154746,0
92815,0
66352,0
181665,0
97473,0
218241,0
136567,0
82621,0
114674,0
86651,0
202940,0
150272,0
184915,0
80107,0
82771,0
28769,0
107405,0
170326,0
60314,0
208889,0
159970,0
91887,0
195756,0
40765,0
144348,0
92075,0
129482,0
147987,0
153275,0
27289,0
142133,0
195642,0
168288,0
138005,0
205046,0
81999,0
171953,0
185478,0
192015,0
42935,0
37734,0
125239,0
30334,0
218069,0
48033,0
138226,0
49215,0
140053,0
52861,0
150753,0
53977,0
141413,0
20289,0
188572,0
80355,0
219993,0
104869,0
169607,0
113919,0
171930,0
40863,0
129222,0
21381,0
212178,0
58418,0
172593,0
144334,0
164633,0
142304,0
155655,0
117440,0
70309,0
73953,0
101534,0
135496,0
86268,0
44865,0
194915,0
210643,0
138768,0
215521,0
106794,0
206358,0
73618,0
219178,0
113426,0
84096,0
212912,0
79142,0
101488,0
112545,0
163534,0
63637,0
193674,0
207814,0
34302,0
186606,0
94135,0
167217,0
158589,0
199896,0
26139,0
115725,0
46861,0
92074,0
192543,0
40860,0
52207,0
62075,0
214920,0
140389,0
161751,0
160642,0
124009,0
60144,0
26032,0
85499,0
100003,0
105754,0
170154,0
78648,0
78688,0
171134,0
90314,0
70026,0
160442,0
111209,0
46462,0
126343,0
126460,0
125853,0
45754,0
69891,0
58761,0
159813,0
192949,0
86572,0
199389,0
144821,0
210529,0
129191,0
161778,0
71169,0
166666,0
181337,0
200401,0
199878,0
167046,0
152130,0
75468,0
48877,0
194773,0
68894,0
40618,0
198121,0
157665,0
69987,0
199124,0
63962,0
139542,0
147352,0
81201,0
158912,0
133135,0
38441,0
29569,0
163160,0
36081,0
177747,0
165027,0
49266,0
88566,0
61654,0
204128,0
157500,0
143030,0
54974,0
88818,0
205266,0
38423,0
33486,0
21444,0
196278,0
68410,0
190837,0
214462,0
119660,0
129141,0
202239,0
72363,0
129273,0
156684,0
83474,0
214623,0
147217,0
123030,0
147534,0
207626,0
142272,0
124644,0
63293,0
53872,0
191778,0
102993,0
124395,0
109820,0
46889,0
189099,0
48178,0
157524,0
164481,0
206281,0
120655,0
39960,0
36400,0
101651,0
105296,0
74735,0
139053,0
114839,0
190581,0
118313,0
191744,0
53445,0
91197,0
98043,0
142707,0
69997,0
97719,0
127346,0
83874,0
124674,0
21547,0
159250,0
175266,0
162459,0
50097,0
195769,0
93255,0
189133,0
108091,0
26102,0
203529,0
214829,0
29071,0
91786,0
147012,0
103936,0
58534,0
192363,0
104712,0
69639,0
174712,0
99594,0
22397,0
69195,0
111130,0
81114,0
22675,0
26791,0
62329,0
170706,0
185732,0
191896,0
26658,0
214396,0
42530,0
172986,0
96159,0
49313,0
51994,0
43007,0
117136,0
40226,0
181563,0
111983,0
78725,0
79450,0
136724,0
92588,0
43653,0
138974,0
188344,0
105257,0
191816,0
174955,0
148510,0
169646,0
168363,0
160514,0
81423,0
174211,0
146725,0
98391,0
61599,0
35160,0
178738,0
85572,0
49997,0
206616,0
55984,0
158984,0
110918,0
196739,0
181095,0
132135,0
127120,0
163154,0
53924,0
135630,0
207544,0
104273,0
104616,0
213396,0
25884,0
34486,0
143738,0
35021,0
120246,0
58293,0
46920,0
108795,0
72448,0
39400,0
204164,0
196060,0
190410,0
177689,0
131920,0
170535,0
105705,0
148230,0
159362,0
93601,0
160762,0
207993,0
96885,0
161093,0
184248,0
201673,0
198658,0
146497,0
31988,0
181301,0
127376,0
99694,0
53819,0
169575,0
89589,0
28851,0
64499,0
45622,0
194265,0
185422,0
207644,0
89871,0
192740,0
53905,0
195461,0
26386,0
143537,0
102846,0
51854,0
56470,0
119589,0
170579,0
203799,0
38852,0
167762,0
71552,0
209692,0
92310,0
109497,0
192653,0
144535,0
72276,0
109477,0
185355,0
107606,0
217577,0
217985,0
165455,0
100402,0
92598,0
62793,0
114060,0
31785,0
91502,0
73348,0
154778,0
65169,0
85495,0
130717,0
87771,0
89752,0
83639,0
199629,0
108143,0
82849,0
188860,0
144190,0
168046,0
136072,0
88742,0
142637,0
180369,0
74193,0
208627,0
37975,0
123159,0
181598,0
106189,0
100117,0
94830,0
136850,0
210756,0
200256,0
89035,0
28539,0
35025,0
154543,0
202759,0
97036,0
167661,0
140560,0
114437,0
215650,0
207936,0
70608,0
120281,0
215228,0
142866,0
33951,0
182043,0
95152,0
133479,0
134420,0
146029,0
85517,0
219750,0
184508,0
148360,0
22411,0
40519,0
55085,0
77445,0
88871,0
67820,0
23201,0
147220,0
133745,0
87842,0
44332,0
187587,0
105737,0
80529,0
119407,0
208641,0
214835,0
207828,0
212978,0
154938,0
199914,0
151564,0
203476,0
215007,0
92380,0
108733,0
124089,0
194467,0
64047,0
139352,0
81190,0
165666,0
166280,0
160222,0
189458,0
188420,0
73577,0
215172,0
67204,0
163578,0
100087,0
66461,0
189703,0
25546,0
171319,0
157093,0
112017,0
86930,0
90129,0
137660,0
180743,0
134996,0
41372,0
211429,0
91473,0
21281,0
187614,0
186939,0
55626,0
208062,0
134971,0
78387,0
103823,0
44747,0
152849,0
131128,0
54419,0
156308,0
182771,0
205061,0
46791,0
219822,0
138550,0
94905,0
84606,0
185266,0
210067,0
167387,0
123838,0
51517,0
216727,0
110392,0
187086,0
218932,0
107899,0
180856,0
123442,0
70184,0
120147,0
147593,0
133689,0
187809,0
36772,0
75851,0
110332,0
128975,0
185174,0
101302,0
108483,0
57903,0
134215,0
36731,0
53366,0
77705,0
151934,0
87600,0
121263,0
203928,0
110766,0
99555,0
116497,0
173736,0
93375,0
215277,0
85280,0
67621,0
130865,0
189919,0
104163,0
60476,0
108464,0
39025,0
111753,0
55792,0
180189,0
39428,0
188023,0
92527,0
89144,0
197122,0
87034,0
197275,0
177934,0
137016,0
101274,0
136790,0
58786,0
49559,0
216600,0
200121,0
150854,0
106521,0
155419,0
180928,0
39732,0
137364,0
209236,0
180930,0
190562,0
91548,0
84420,0
146071,0
150600,0
217484,0
178151,0
179444,0
26764,0
29873,0
108501,0
189147,0
211933,0
191019,0
116888,0
58213,0
140783,0
41452,0
90437,0
81588,0
97697,0
104104,0
86600,0
84315,0
134124,0
149964,0
189014,0
165198,0
188670,0
205483,0
120737,0
95432,0
99161,0
73687,0
24954,0
67094,0
203450,0
185274,0
197986,0
79014,0
103664,0
122629,0
174972,0
24616,0
55588,0
61324,0
114365,0
170863,0
155776,0
130704,0
106668,0
95451,0
170306,0
103595,0
122644,0
102153,0
52159,0
39603,0
20579,0
211303,0
28425,0
96828,0
176390,0
141429,0
181427,0
134440,0
85521,0
131737,0
65830,0
64769,0
84161,0
105063,0
68280,0
109595,0
52462,0
212251,0
193404,0
196647,0
215048,0
104747,0
212790,0
150754,0
122207,0
149644,0
28648,0
156149,0
42737,0
56197,0
203447,0
132854,0
144026,0
152051,0
66914,0
46896,0
97993,0
171531,0
102249,0
157713,0
187104,0
74328,0
187745,0
196609,0
219850,0
54763,0
43701,0
152997,0
35767,0
123314,0
116091,0
97205,0
139978,0
96292,0
101583,0
211501,0
163732,0
166423,0
112488,0
140553,0
101061,0
85719,0
136151,0
185971,0
61490,0
103919,0
187070,0
108999,0
128265,0
32001,0
55040,0
35884,0
35971,0
197850,0
20719,0
121661,0
162458,0
144574,0
176784,0
118564,0
215183,0
102765,0
201943,0
177909,0
215583,0
132999,0
80508,0
39177,0
64914,0
136200,0
38518,0
130182,0
58694,0
215692,0
188799,0
75783,0
43389,0
76264,0
56707,0
81132,0
121916,0
51905,0
71454,0
168899,0
104453,0
203983,0
42204,0
157331,0
98439,0
65277,0
128926,0
42294,0
111781,0
64748,0
65882,0
133840,0
159354,0
180688,0
114020,0
124534,0
164697,0
208848,0
72150,0
64149,0
187812,0
145161,0
94809,0
46282,0
86070,0
87402,0
126885,0
118345,0
177190,0
78681,0
143911,0
122744,0
182382,0
213132,0
77672,0
143236,0
65489,0
187580,0
204277,0
182474,0
199874,0
194115,0
111685,0
176189,0
143071,0
71695,0
43735,0
70289,0
207375,0
58647,0
39219,0
124393,0
179961,0
113267,0
218276,0
125206,0
204953,0
82517,0
48174,0
140279,0
96013,0
101465,0
156611,0
117457,0
107934,0
140153,0
190741,0
213113,0
81563,0
200173,0
135338,0
126602,0
150793,0
121799,0
49498,0
214847,0
170546,0
31192,0
140769,0
205414,0
197716,0
191605,0
192144,0
22347,0
172189,0
68588,0
124823,0
137891,0
199238,0
204505,0
24269,0
81501,0
180740,0
44723,0
36564,0
65383,0
33035,0
142965,0
59211,0
218642,0
30712,0
65621,0
44671,0
199123,0
96109,0
184140,0
46824,0
111553,0
39498,0
51793,0
94371,0
84581,0
25783,0
122069,0
147262,0
150676,0
151894,0
103743,0
112387,0
126853,0
89887,0
105126,0
132870,0
91827,0
174143,0
209220,0
109433,0
159139,0
37189,0
143063,0
168980,0
87736,0
74124,0
154025,0
178731,0
139267,0
46910,0
26818,0
21688,0
180777,0
124443,0
99392,0
206117,0
109048,0
103723,0
181526,0
107431,0
73604,0
107463,0
103274,0
76925,0
67547,0
20106,0
169915,0
148471,0
218719,0
172865,0
55853,0
23047,0
85834,0
21616,0
58362,0
30523,0
23753,0
26662,0
134227,0
100882,0
95151,0
56083,0
131923,0
127327,0
96040,0
27149,0
172787,0
195296,0
180986,0
218987,0
104254,0
96475,0
48507,0
203698,0
87800,0
173458,0
32711,0
160126,0
63017,0
213077,0
89849,0
116553,0
63151,0
106641,0
151166,0
120458,0
167464,0
178122,0
151255,0
195588,0
155914,0
136765,0
198841,0
176614,0
27493,0
27923,0
215751,0
86345,0
73312,0
183164,0
165613,0
106931,0
191238,0
154028,0
212362,0
21691,0
117712,0
138389,0
109295,0
59816,0
116007,0
32445,0
106061,0
96361,0
119885,0
147931,0
154513,0
155005,0
133278,0
58379,0
206686,0
146419,0
84334,0
110817,0
121109,0
212249,0
92641,0
122774,0
199377,0
170332,0
171143,0
199176,0
52150,0
208345,0
138347,0
69238,0
201977,0
119093,0
83394,0
166436,0
52021,0
171068,0
21899,0
127075,0
160476,0
121261,0
184705,0
76555,0
65877,0
205160,0
124785,0
171361,0
178822,0
52256,0
130082,0
95739,0
85112,0
202124,0
172342,0
54183,0
22541,0
152589,0
176018,0
99523,0
127410,0
170914,0
165641,0
167345,0
198367,0
40136,0
214170,0
178974,0
64349,0
25962,0
47043,0
129484,0
156742,0
122167,0
32243,0
115492,0
47002,0
52608,0
78250,0
155677,0
63339,0
208596,0
90554,0
132777,0
64631,0
197196,0
96933,0
152381,0
151520,0
101567,0
118721,0
51612,0
115660,0
125355,0
30272,0
106322,0
53747,0
25168,0
74366,0
176503,0
178653,0
208401,0
150995,0
169894,0
163112,0
41414,0
180945,0
140905,0
127221,0
22389,0
144927,0
191933,0
42510,0
40545,0
71292,0
118629,0
53304,0
162033,0
139203,0
197638,0
85734,0
166568,0
159132,0
36748,0
39777,0
157126,0
157997,0
86341,0
69854,0
145495,0
111266,0
157594,0
126919,0
61233,0
56796,0
161596,0
143157,0
160829,0
72426,0
123041,0
98922,0
77713,0
157329,0
111642,0
51552,0
172890,0
210430,0
146568,0
27141,0
175041,0
193400,0
188935,0
46765,0
63132,0
177003,0
205570,0
150344,0
139606,0
71021,0
51067,0
174862,0
112107,0
65266,0
183751,0
126573,0
96924,0
23598,0
112109,0
99786,0
82642,0
60360,0
213946,0
176633,0
168402,0
40610,0
48234,0
126142,0
86353,0
92804,0
141744,0
46877,0
27596,0
60292,0
147530,0
105091,0
166371,0
127073,0
129060,0
44437,0
110493,0
174286,0
45134,0
54688,0
45991,0
177347,0
131404,0
216643,0
67708,0
25550,0
128902,0
38586,0
60376,0
151908,0
146708,0
148539,0
147234,0
138599,0
40802,0
119888,0
28830,0
210254,0
142373,0
118710,0
115619,0
132611,0
88722,0
48752,0
40166,0
117296,0
117539,0
155143,0
179672,0
41780,0
174788,0
213220,0
39633,0
55865,0
26210,0
96930,0
201348,0
189116,0
203172,0
117142,0
188622,0
82192,0
78434,0
149797,0
217851,0
187791,0
126521,0
173796,0
202639,0
72454,0
81184,0
60559,0
90808,0
30919,0
179062,0
38242,0
20473,0
71775,0
96755,0
144122,0
152015,0
99080,0
148699,0
86641,0
193353,0
93406,0
113605,0
104222,0
158682,0
152225,0
165354,0
181979,0
189379,0
138094,0
89617,0
106292,0
200782,0
139375,0
167219,0
130693,0
42415,0
29019,0
195278,0
68594,0
166512,0
174578,0
116905,0
168132,0
30311,0
158539,0
151170,0
148593,0
207478,0
166577,0
69430,0
206138,0
144781,0
166600,0
150967,0
147130,0
168620,0
36217,0
110433,0
43632,0
219071,0
54396,0
214399,0
152196,0
166185,0
198886,0
101043,0
162602,0
154450,0
169574,0
123792,0
42643,0
34819,0
121252,0
20283,0
181904,0
79740,0
23024,0
64128,0
197964,0
161590,0
180648,0
133846,0
78527,0
43388,0
42816,0
70771,0
27678,0
28163,0
99779,0
150346,0
212403,0
53002,0
51354,0
46481,0
64960,0
130378,0
121406,0
185522,0
168056,0
37925,0
97716,0
20553,0
127477,0
151461,0
109695,0
130861,0
155114,0
188149,0
103322,0
218516,0
186053,0
198720,0
68030,0
211352,0
79820,0
41404,0
114007,0
111349,0
91478,0
168956,0
50509,0
195787,0
30939,0
212955,0
79055,0
121880,0
23168,0
97411,0
178510,0
61538,0
128866,0
52343,0
106069,0
29221,0
42861,0
134141,0
106864,0
50258,0
55315,0
22344,0
182254,0
109382,0
29173,0
21250,0
187632,0
129975,0
92712,0
165911,0
213213,0
109347,0
192340,0
170220,0
169814,0
173449,0
213610,0
138802,0
217455,0
162859,0
150661,0
117121,0
125009,0
114859,0
167303,0
154692,0
113340,0
90415,0
188970,0
132358,0
131755,0
153895,0
144685,0
132871,0
66198,0
72093,0
103187,0
151312,0
122252,0
119625,0
133843,0
136264,0
60620,0
135544,0
20551,0
35639,0
109019,0
81927,0
188040,0
215648,0
105105,0
199795,0
153963,0
94112,0
181693,0
107248,0
122966,0
140866,0
66363,0
167148,0
199891,0
115177,0
42061,0
100837,0
101376,0
214919,0
72402,0
50237,0
218442,0
193413,0
136516,0
22534,0
49875,0
191652,0
43905,0
185909,0
81208,0
22290,0
55034,0
110436,0
212851,0
138992,0
177405,0
51029,0
215804,0
142563,0
29617,0
106009,0
205923,0
93039,0
191776,0
79382,0
191536,0
207776,0
216246,0
136261,0
204370,0
210526,0
32630,0
71627,0
109468,0
196919,0
198660,0
166212,0
57603,0
171525,0
88723,0
60952,0
200387,0
157111,0
60817,0
62613,0
217905,0
177888,0
32525,0
64995,0
49562,0
137981,0
109132,0
133972,0
198604,0
108057,0
178670,0
140879,0
219679,0
160815,0
73874,0
150056,0
73182,0
136526,0
204097,0
35250,0
175585,0
139285,0
105085,0
215471,0
178385,0
92098,0
177923,0
209917,0
175594,0
133963,0
210253,0
205135,0
59369,0
183068,0
162429,0
148598,0
65710,0
73410,0
112087,0
219145,0
28534,0
56523,0
62945,0
199418,0
170763,0
79259,0
33174,0
134537,0
166846,0
188528,0
213376,0
31998,0
107762,0
23191,0
74025,0
67244,0
66178,0
63146,0
136436,0
109823,0
130614,0
176113,0
219748,0
92435,0
218211,0
55036,0
148249,0
87637,0
27836,0
124766,0
67137,0
202881,0
163812,0
212982,0
208045,0
210953,0
200494,0
140651,0
173076,0
156147,0
216936,0
53353,0
134145,0
22805,0
152268,0
111457,0
78479,0
55838,0
212662,0
125671,0
140405,0
34869,0
198556,0
168195,0
170984,0
61693,0
197025,0
41725,0
58920,0
148622,0
173870,0
203242,0
129791,0
150996,0
20299,0
139621,0
66557,0
110267,0
23958,0
81862,0
31742,0
72235,0
193493,0
169186,0
206134,0
33544,0
201752,0
195782,0
83981,0
70167,0
52860,0
110418,0
107896,0
67520,0
201099,0
217365,0
184693,0
119656,0
27545,0
116949,0
180966,0
163867,0
111824,0
211975,0
216359,0
137341,0
183534,0
90286,0
39808,0
104991,0
212633,0
169880,0
71859,0
210811,0
50670,0
203545,0
44211,0
32879,0
137529,0
93358,0
171245,0
169542,0
105627,0
73140,0
128590,0
103702,0
98375,0
115886,0
209823,0
174001,0
159219,0
46479,0
116524,0
74000,0
42405,0
20912,0
121413,0
187398,0
72888,0
209767,0
124192,0
120324,0
47849,0
162874,0
189580,0
137917,0
198493,0
207536,0
129095,0
99610,0
158598,0
180498,0
170056,0
206408,0
63661,0
131036,0
212487,0
149193,0
33195,0
44745,0
26480,0
219715,0
52650,0
217819,0
209200,0
91718,0
95351,0
83881,0
31574,0
23281,0
161571,0
118013,0
60645,0
215869,0
172141,0
97860,0
164845,0
62164,0
155424,0
177861,0
47545,0
109261,0
21485,0
190712,0
124406,0
190485,0
54927,0
29274,0
107397,0
81786,0
63695,0
97478,0
186014,0
62515,0
160429,0
46307,0
216364,0
138530,0
85396,0
155618,0
42674,0
66135,0
20749,0
103914,0
170022,0
79045,0
212365,0
105891,0
195794,0
190765,0
191417,0
178767,0
62491,0
112798,0
132971,0
217770,0
110367,0
212379,0
135563,0
162410,0
87924,0
75495,0
154082,0
92678,0
116023,0
126272,0
190685,0
197741,0
68887,0
127953,0
27944,0
179118,0
172516,0
81420,0
49308,0
164929,0
177116,0
50931,0
76803,0
30184,0
67005,0
111198,0
32495,0
92666,0
185667,0
88069,0
71011,0
126745,0
191111,0
104238,0
216250,0
195560,0
93642,0
45747,0
168166,0
122235,0
44328,0
119827,0
116156,0
181279,0
173573,0
35249,0
178903,0
134460,0
152024,0
206760,0
151619,0
104071,0
120920,0
63375,0
60673,0
34867,0
177154,0
69365,0
184172,0
152093,0
132646,0
39388,0
54029,0
113318,0
190759,0
156342,0
85564,0
77062,0
190749,0
101817,0
155119,0
205645,0
50561,0
62810,0
97710,0
193855,0
164433,0
84980,0
139012,0
90346,0
190815,0
20983,0
74137,0
152041,0
108715,0
26195,0
147531,0
81413,0
190646,0
105750,0
102057,0
189008,0
30271,0
55938,0
99941,0
149876,0
106464,0
116545,0
45138,0
28722,0
46400,0
157323,0
26870,0
133252,0
183452,0
174198,0
200084,0
103889,0
83928,0
110509,0
87505,0
63985,0
34755,0
74002,0
63891,0
52587,0
50255,0
177306,0
28416,0
37184,0
81797,0
137111,0
192895,0
169046,0
76792,0
39561,0
38206,0
88394,0
83810,0
159056,0
193743,0
28343,0
158172,0
154405,0
75409,0
175276,0
169149,0
216763,0
131220,0
173501,0
25521,0
54616,0
165102,0
74841,0
114438,0
23352,0
66511,0
143010,0
157710,0
192598,0
123968,0
39639,0
78440,0
29265,0
144922,0
47537,0
65502,0
219992,0
72131,0
186441,0
53816,0
219659,0
157522,0
33237,0
192400,0
56309,0
37094,0
204227,0
135316,0
163508,0
160905,0
82478,0
57488,0
99768,0
198745,0
161539,0
21145,0
47353,0
135673,0
34142,0
132422,0
54191,0
109694,0
204777,0
177105,0
53508,0
99744,0
189323,0
40135,0
69283,0
20504,0
184388,0
70919,0
67417,0
65807,0
47372,0
41417,0
184031,0
46239,0
34206,0
128819,0
96548,0
56114,0
81471,0
187728,0
108458,0
49282,0
155180,0
188841,0
149666,0
68039,0
62516,0
28485,0
52924,0
74295,0
206885,0
63870,0
36686,0
147944,0
139297,0
174447,0
180779,0
29426,0
191851,0
122589,0
30665,0
155301,0
83193,0
203022,0
188532,0
141434,0
178191,0
59468,0
124974,0
54619,0
160661,0
103581,0
182405,0
37759,0
129601,0
46053,0
79656,0
119563,0
55689,0
212135,0
62761,0
74720,0
192801,0
139672,0
187504,0
196557,0
191325,0
77244,0
169490,0
89480,0
101316,0
149211,0
66374,0
219653,0
77209,0
33829,0
115934,0
146943,0
38456,0
134633,0
73071,0
211693,0
92267,0
179602,0
121333,0
41436,0
206208,0
107866,0
194375,0
81023,0
58505,0
32817,0
123455,0
200868,0
100637,0
91145,0
44984,0
67725,0
91262,0
149485,0
65876,0
154568,0
114978,0
21785,0
179968,0
201346,0
126870,0
58349,0
27523,0
37722,0
133757,0
127900,0
124341,0
121779,0
117176,0
73866,0
108899,0
137695,0
30992,0
42032,0
153151,0
88068,0
185853,0
181657,0
27530,0
87263,0
174763,0
49857,0
176311,0
116215,0
44071,0
203712,0
189459,0
162846,0
70232,0
179926,0
207016,0
188472,0
180335,0
21867,0
102921,0
53993,0
86525,0
110235,0
98131,0
126128,0
150822,0
193501,0
64056,0
160573,0
82435,0
196737,0
142150,0
91155,0
202109,0
192634,0
194405,0
108774,0
136297,0
40358,0
154519,0
46278,0
155228,0
158474,0
209939,0
78060,0
65369,0
62589,0
179380,0
59673,0
99761,0
157391,0
34883,0
166155,0
161106,0
187215,0
27460,0
71402,0
90304,0
71900,0
197443,0
199428,0
164793,0
59484,0
202511,0
60351,0
70558,0
125356,0
52403,0
156805,0
84640,0
109020,0
129349,0
107980,0
184859,0
216423,0
208329,0
62665,0
111492,0
168207,0
137359,0
106749,0
100506,0
207451,0
216973,0
35975,0
103512,0
216315,0
106452,0
201347,0
145920,0
92816,0
164443,0
130154,0
185968,0
213924,0
62293,0
151366,0
62085,0
195887,0
135017,0
44161,0
100735,0
108098,0
201945,0
109753,0
131554,0
161254,0
145542,0
99257,0
194959,0
25478,0
179327,0
36837,0
198650,0
137517,0
104412,0
25350,0
190680,0
144222,0
60218,0
150216,0
213197,0
51988,0
44804,0
33748,0
83894,0
81099,0
113875,0
165889,0
180054,0
69982,0
102395,0
219056,0
89950,0
208389,0
28676,0
103883,0
46435,0
33988,0
191579,0
141285,0
171566,0
196167,0
150370,0
187130,0
28533,0
82562,0
166513,0
204833,0
59054,0
28283,0
119188,0
97120,0
185658,0
77903,0
50621,0
215469,0
50609,0
83112,0
169224,0
174561,0
169790,0
181383,0
140114,0
184303,0
39803,0
40871,0
40471,0
50171,0
207330,0
130296,0
71242,0
199486,0
64837,0
53989,0
135403,0
69469,0
169877,0
160271,0
168149,0
154157,0
186267,0
78019,0
144286,0
217103,0
28588,0
193141,0
143829,0
139335,0
58411,0
89757,0
158320,0
31805,0
61318,0
139426,0
218928,0
68402,0
162287,0
86347,0
195911,0
45325,0
166998,0
190107,0
136330,0
108665,0
186778,0
189853,0
185637,0
74661,0
118595,0
87275,0
85766,0
38312,0
113971,0
147758,0
45334,0
64953,0
135994,0
105334,0
34822,0
128135,0
79839,0
219655,0
117385,0
44012,0
20124,0
85198,0
26591,0
159408,0
64472,0
79262,0
95134,0
150746,0
167021,0
218992,0
46966,0
199543,0
215821,0
43955,0
194522,0
181574,0
166256,0
36599,0
181186,0
105786,0
97769,0
86945,0
216968,0
201770,0
84082,0
213182,0
125331,0
124005,0
110106,0
118024,0
98991,0
96327,0
200187,0
205893,0
81995,0
42645,0
38049,0
128674,0
95909,0
97679,0
104907,0
121814,0
205854,0
185923,0
178580,0
213460,0
87462,0
68417,0
137074,0
25806,0
160251,0
25748,0
134631,0
128574,0
40044,0
144349,0
213857,0
207567,0
28428,0
77617,0
179584,0
217871,0
140194,0
126840,0
60081,0
85830,0
45228,0
102437,0
154600,0
201985,0
216698,0
166278,0
27592,0
36090,0
77922,0
46259,0
139800,0
148809,0
115815,0
101620,0
23461,0
80507,0
212628,0
162415,0
183266,0
112053,0
196936,0
28436,0
47173,0
102110,0
87831,0
106392,0
212836,0
35705,0
36251,0
68925,0
46912,0
82224,0
80399,0
39310,0
138869,0
175127,0
72134,0
43005,0
21808,0
61959,0
200726,0
145132,0
43886,0
139697,0
55651,0
64814,0
63369,0
135515,0
204936,0
98407,0
55737,0
35579,0
146907,0
116246,0
28811,0
50881,0
51367,0
26993,0
37727,0
103280,0
181534,0
141900,0
87897,0
202324,0
53479,0
130779,0
201970,0
109431,0
195510,0
92791,0
189097,0
104444,0
82251,0
131886,0
217367,0
188419,0
145858,0
107805,0
102126,0
146912,0
178281,0
130847,0
196393,0
102914,0
21165,0
85820,0
216214,0
106261,0
140505,0
174953,0
24218,0
121168,0
121724,0
51886,0
162321,0
106499,0
69834,0
118140,0
78843,0
122963,0
130239,0
137136,0
21990,0
168463,0
97464,0
155102,0
67458,0
198128,0
53796,0
195856,0
113211,0
20540,0
201856,0
124865,0
130216,0
72109,0
170932,0
163814,0
60787,0
31038,0
131825,0
43176,0
202353,0
190786,0
51634,0
61935,0
168770,0
218142,0
125827,0
89190,0
21246,0
107192,0
186873,0
113101,0
167916,0
86155,0
192336,0
75461,0
24262,0
151740,0
186919,0
136896,0
183114,0
183288,0
150316,0
82703,0
71889,0
189519,0
104043,0
215705,0
154902,0
28499,0
195492,0
79817,0
219022,0
132567,0
142302,0
158976,0
100985,0
116938,0
105031,0
27191,0
167981,0
151722,0
106461,0
111032,0
191699,0
53718,0
35298,0
94178,0
200082,0
152824,0
99090,0
212230,0
39615,0
108590,0
168924,0
129694,0
120814,0
60950,0
107424,0
111247,0
179657,0
64242,0
39420,0
44243,0
79409,0
206935,0
127542,0
103674,0
87137,0
46775,0
189857,0
150538,0
157944,0
104208,0
80221,0
150742,0
193432,0
30890,0
199195,0
86271,0
139400,0
168935,0
178797,0
35551,0
164985,0
126760,0
47951,0
20268,0
195170,0
201890,0
106462,0
213705,0
160659,0
217793,0
74383,0
28367,0
135153,0
86042,0
192347,0
25240,0
182918,0
171847,0
137145,0
85842,0
214486,0
218958,0
157255,0
126757,0
36616,0
119058,0
157537,0
149939,0
100024,0
42170,0
52254,0
82626,0
81304,0
174950,0
76604,0
50490,0
75388,0
174793,0
59934,0
23462,0
170261,0
104824,0
108555,0
34457,0
196180,0
202777,0
198652,0
41094,0
92115,0
203387,0
104209,0
200101,0
180985,0
123227,0
20535,0
177093,0
173427,0
91083,0
140275,0
120971,0
109543,0
197965,0
176485,0
97624,0
125247,0
93364,0
124142,0
182156,0
166055,0
84139,0
54217,0
197884,0
206689,0
143417,0
106266,0
157063,0
191714,0
95940,0
58511,0
72427,0
104455,0
120401,0
45272,0
94217,0
74839,0
152099,0
105191,0
194850,0
183478,0
214223,0
70647,0
68975,0
47793,0
124295,0
129396,0
50150,0
176336,0
212051,0
25895,0
150457,0
94982,0
35846,0
96289,0
130331,0
70664,0
123032,0
56590,0
124658,0
182438,0
61403,0
202291,0
115717,0
133968,0
126448,0
147011,0
21541,0
110791,0
182867,0
190236,0
109199,0
39187,0
28409,0
91468,0
95337,0
182116,0
76490,0
58071,0
37381,0
29057,0
120945,0
83576,0
148137,0
79547,0
118343,0
112945,0
41328,0
171175,0
121653,0
123488,0
59990,0
104680,0
214051,0
143006,0
82222,0
37809,0
44034,0
110579,0
119672,0
148893,0
49490,0
117182,0
104184,0
106581,0
47490,0
40977,0
80691,0
55317,0
151570,0
104260,0
109970,0
27870,0
184786,0
134120,0
193672,0
69422,0
56206,0
59298,0
87134,0
82983,0
201482,0
137008,0
102614,0
193235,0
153017,0
159836,0
62552,0
123037,0
82872,0
37301,0
203751,0
53959,0
102390,0
35749,0
42876,0
43558,0
37154,0
201617,0
201564,0
149565,0
50851,0
102969,0
96166,0
34655,0
137971,0
197856,0
192822,0
26602,0
64695,0
47844,0
219439,0
64646,0
100825,0
154816,0
126461,0
197340,0
178196,0
117530,0
142804,0
52062,0
171155,0
105603,0
41388,0
128164,0
152862,0
65556,0
155505,0
208651,0
94753,0
166457,0
205634,0
21994,0
208278,0
103578,0
176436,0
172785,0
107506,0
110345,0
101161,0
35853,0
145394,0
198839,0
192821,0
87469,0
181230,0
87994,0
171924,0
118229,0
175000,0
49223,0
62684,0
155875,0
92046,0
143635,0
117021,0
65649,0
142871,0
203592,0
177959,0
145244,0
182630,0
70350,0
150030,0
58041,0
147670,0
159665,0
160688,0
99204,0
146186,0
101688,0
193984,0
109910,0
164577,0
95085,0
72268,0
107274,0
28169,0
92078,0
187562,0
124543,0
153598,0
156565,0
162886,0
24446,0
212896,0
159611,0
196644,0
142781,0
24535,0
49450,0
20973,0
133679,0
43220,0
121695,0
169493,0
180766,0
176374,0
49582,0
198425,0
68273,0
51944,0
103951,0
96312,0
124049,0
49604,0
192004,0
195542,0
208000,0
159297,0
203606,0
44501,0
117700,0
180102,0
214210,0
44180,0
209023,0
204905,0
51173,0
199966,0
30805,0
190394,0
163269,0
139548,0
204710,0
92753,0
56330,0
197768,0
116072,0
173460,0
139350,0
148369,0
135500,0
85741,0
67892,0
76594,0
187223,0
90088,0
86798,0
48155,0
54351,0
184996,0
190191,0
43999,0
212883,0
199385,0
177510,0
135874,0
86608,0
85350,0
160551,0
143707,0
206310,0
47954,0
22459,0
34509,0
193954,0
139137,0
152566,0
69561,0
142531,0
198163,0
22860,0
196194,0
60713,0
189555,0
70596,0
174053,0
213099,0
126038,0
126214,0
79156,0
136898,0
156348,0
84817,0
105711,0
164818,0
105231,0
167246,0
37584,0
136166,0
35517,0
91941,0
78800,0
205526,0
118226,0
213240,0
179071,0
140189,0
102178,0
134967,0
202238,0
194782,0
219925,0
206661,0
145419,0
67050,0
81128,0
68524,0
178930,0
132285,0
54704,0
23909,0
23532,0
20116,0
24420,0
206484,0
179872,0
177602,0
165092,0
161073,0
64134,0
88358,0
44384,0
81713,0
166039,0
163930,0
68089,0
183272,0
198201,0
63804,0
209113,0
54125,0
157519,0
97286,0
177484,0
47097,0
34218,0
53889,0
131883,0
153827,0
194358,0
80015,0
169300,0
57053,0
107480,0
132411,0
21047,0
160791,0
203117,0
138537,0
96931,0
94295,0
174125,0
55546,0
85833,0
165947,0
106690,0
94493,0
24980,0
216227,0
126384,0
131979,0
163116,0
211659,0
73688,0
50031,0
55092,0
81077,0
50169,0
211539,0
170087,0
132070,0
131286,0
21939,0
182898,0
22440,0
41284,0
211910,0
62045,0
116145,0
149787,0
39668,0
154008,0
183202,0
200233,0
99305,0
38841,0
25940,0
99752,0
22665,0
170778,0
162517,0
163484,0
115963,0
152122,0
161655,0
115870,0
122135,0
80039,0
142675,0
195264,0
101520,0
182315,0
22787,0
148009,0
82177,0
32542,0
114298,0
201418,0
140759,0
106075,0
174321,0
165664,0
66650,0
206892,0
172602,0
168732,0
81884,0
149905,0
180120,0
130162,0
178810,0
42454,0
158059,0
70851,0
32018,0
56526,0
142222,0
159911,0
158652,0
82029,0
43824,0
54027,0
217245,0
24081,0
50385,0
136957,0
107818,0
219483,0
175973,0
85036,0
80635,0
104557,0
94349,0
131927,0
143814,0
36503,0
193588,0
186449,0
157104,0
110060,0
27717,0
109429,0
35693,0
113446,0
27099,0
211084,0
179422,0
159005,0
80509,0
162666,0
214239,0
102009,0
207821,0
161407,0
176910,0
147739,0
199951,0
94650,0
204801,0
101466,0
154208,0
100844,0
219952,0
31004,0
43379,0
54913,0
123678,0
131739,0
125495,0
202181,0
99724,0
55885,0
111120,0
36785,0
165261,0
118437,0
196884,0
194760,0
136703,0
142470,0
110053,0
76355,0
99384,0
171822,0
69438,0
60932,0
132783,0
187847,0
73817,0
54147,0
25820,0
128930,0
209233,0
94096,0
49896,0
104810,0
77730,0
164519,0
101110,0
106422,0
135904,0
96210,0
123220,0
216480,0
66835,0
82385,0
202419,0
152521,0
174732,0
61230,0
193649,0
89534,0
52465,0
64847,0
35911,0
40763,0
28126,0
140295,0
173417,0
217077,0
107625,0
153346,0
122553,0
117314,0
38828,0
140986,0
146648,0
21178,0
194286,0
78237,0
26248,0
68593,0
49957,0
50557,0
187308,0
84992,0
20802,0
47120,0
38273,0
121791,0
136946,0
57188,0
69857,0
129922,0
188971,0
163266,0
173153,0
100214,0
199650,0
123456,0
79867,0
113423,0
197837,0
195320,0
210625,0
74697,0
129215,0
128707,0
20547,0
100707,0
181593,0
20480,0
39197,0
197169,0
71377,0
39634,0
38447,0
107482,0
71770,0
110526,0
65984,0
124021,0
128832,0
148769,0
35409,0
213841,0
44322,0
59355,0
97701,0
187820,0
115309,0
172266,0
66846,0
38764,0
136475,0
125781,0
112732,0
198661,0
201193,0
166819,0
71086,0
48325,0
26400,0
162509,0
158588,0
156918,0
100736,0
176001,0
195052,0
22278,0
34876,0
29052,0
150148,0
122896,0
131328,0
64664,0
23713,0
26823,0
65232,0
45211,0
51190,0
143387,0
133106,0
74984,0
155796,0
174159,0
174967,0
212796,0
101100,0
35314,0
159589,0
67425,0
178818,0
119324,0
215739,0
82108,0
173165,0
162495,0
131986,0
173024,0
31622,0
123866,0
204473,0
111258,0
115917,0
32908,0
158219,0
184930,0
144720,0
158855,0
110874,0
118048,0
83324,0
148521,0
106805,0
129490,0
216330,0
151163,0
189410,0
116755,0
154601,0
35434,0
63890,0
21790,0
78449,0
106351,0
41006,0
48851,0
40533,0
62058,0
189511,0
52141,0
40209,0
47615,0
184709,0
184054,0
202037,0
83199,0
108482,0
162800,0
60686,0
34630,0
98797,0
61518,0
116102,0
114873,0
138624,0
68476,0
48315,0
119078,0
69986,0
50581,0
161474,0
103319,0
128014,0
95236,0
213455,0
58084,0
219010,0
127055,0
200669,0
111653,0
164232,0
43726,0
116502,0
67521,0
196605,0
53061,0
200413,0
59891,0
170975,0
31641,0
184467,0
193378,0
29223,0
75861,0
147189,0
51035,0
185799,0
65275,0
48330,0
26465,0
210919,0
127605,0
41871,0
52852,0
161213,0
23155,0
160329,0
170784,0
48483,0
175171,0
115443,0
167144,0
183588,0
63770,0
21878,0
200486,0
211799,0
111293,0
80316,0
120452,0
155550,0
25292,0
74621,0
197458,0
170771,0
147705,0
48881,0
119408,0
57498,0
70027,0
210551,0
158659,0
63446,0
131689,0
145794,0
194025,0
217702,0
213777,0
138597,0
20527,0
42619,0
127259,0
43368,0
139567,0
135803,0
171873,0
22028,0
34028,0
140096,0
159067,0
35315,0
128225,0
64980,0
124151,0
94372,0
97837,0
146577,0
56446,0
200581,0
215902,0
74123,0
100586,0
217433,0
30942,0
73459,0
213412,0
155859,0
159200,0
129420,0
190247,0
136197,0
66201,0
123961,0
140180,0
61704,0
116799,0
138138,0
87126,0
72891,0
73692,0
73328,0
92454,0
147888,0
57543,0
147439,0
64735,0
204815,0
178514,0
32579,0
160730,0
149511,0
125703,0
117758,0
200035,0
25595,0
29184,0
145725,0
168410,0
218654,0
173925,0
83301,0
92005,0
50131,0
112309,0
190317,0
131941,0
24436,0
200660,0
179016,0
167624,0
159478,0
195648,0
127702,0
52668,0
139212,0
212603,0
193006,0
216925,0
205748,0
149911,0
103560,0
122823,0
137239,0
196497,0
151222,0
55832,0
38038,0
137221,0
43927,0
145705,0
212455,0
162409,0
167100,0
129832,0
132336,0
29536,0
144606,0
97540,0
73253,0
103808,0
112869,0
60899,0
161934,0
202151,0
180129,0
149043,0
112113,0
202726,0
65289,0
148698,0
216136,0
212879,0
174776,0
51074,0
55038,0
103010,0
92769,0
152100,0
43513,0
62191,0
182833,0
154553,0
212242,0
70351,0
75214,0
174443,0
63001,0
117911,0
36379,0
70866,0
33112,0
37929,0
93953,0
83002,0
114803,0
203069,0
25428,0
57378,0
129621,0
120060,0
51621,0
61334,0
38670,0
153071,0
20309,0
214995,0
191993,0
149250,0
70731,0
126433,0
84166,0
200119,0
137713,0
118529,0
72970,0
63257,0
213884,0
79550,0
151411,0
96476,0
49893,0
94962,0
149875,0
55819,0
172977,0
219246,0
37022,0
117649,0
87127,0
90854,0
150479,0
140217,0
205185,0
203167,0
90247,0
171255,0
20132,0
117589,0
30843,0
81802,0
183033,0
215766,0
168417,0
204757,0
86355,0
40008,0
176803,0
166014,0
73512,0
65812,0
95387,0
81285,0
154560,0
41198,0
30949,0
198515,0
90226,0
99324,0
142250,0
184089,0
158045,0
126904,0
20950,0
105911,0
121197,0
42654,0
126257,0
147891,0
35842,0
163956,0
198777,0
198365,0
161601,0
51112,0
132195,0
34162,0
157011,0
122162,0
201959,0
116558,0
38087,0
68645,0
188951,0
160942,0
91183,0
98626,0
197787,0
210196,0
190441,0
115000,0
56936,0
171837,0
121796,0
121858,0
81690,0
173490,0
54988,0
182151,0
140201,0
137377,0
59911,0
145026,0
59448,0
131555,0
57213,0
83818,0
183277,0
103403,0
101562,0
160824,0
77279,0
144948,0
38458,0
79831,0
110593,0
199493,0
205527,0
67777,0
195946,0
178480,0
24581,0
81041,0
113441,0
43628,0
157324,0
112932,0
155261,0
134791,0
140131,0
28250,0
134784,0
46300,0
71249,0
40897,0
62967,0
210315,0
22552,0
166248,0
203734,0
57231,0
107196,0
193265,0
184273,0
124922,0
91841,0
54647,0
92660,0
117690,0
119159,0
47382,0
128103,0
154105,0
115643,0
108273,0
115944,0
216403,0
35245,0
203534,0
203516,0
131072,0
120907,0
27431,0
55896,0
149868,0
183488,0
101542,0
104070,0
67454,0
20689,0
196248,0
181666,0
218995,0
41235,0
153183,0
141992,0
171662,0
45352,0
140830,0
112033,0
69138,0
83210,0
154819,0
40898,0
208269,0
76734,0
146251,0
166135,0
115938,0
128259,0
114226,0
180045,0
40793,0
56519,0
83157,0
117388,0
63886,0
155062,0
94561,0
129900,0
141564,0
142095,0
158962,0
137077,0
156052,0
163215,0
100510,0
200724,0
104923,0
146168,0
115704,0
125509,0
31127,0
135213,0
174544,0
53838,0
144649,0
45414,0
197743,0
115550,0
114237,0
168722,0
43801,0
205269,0
83822,0
90640,0
92354,0
87342,0
203783,0
155754,0
138595,0
165130,0
124178,0
50384,0
58620,0
53659,0
81556,0
210584,0
52369,0
133366,0
168322,0
150432,0
136969,0
181150,0
116566,0
70230,0
188601,0
93149,0
172743,0
47866,0
102475,0
159956,0
122926,0
90638,0
94266,0
201797,0
188068,0
119890,0
140874,0
199801,0
116161,0
125556,0
44911,0
196259,0
74131,0
191256,0
112000,0
156914,0
65561,0
183106,0
27146,0
53871,0
149105,0
108927,0
33862,0
110475,0
207523,0
148998,0
81510,0
204740,0
56575,0
145520,0
177178,0
97777,0
219203,0
162215,0
70090,0
75756,0
22913,0
28559,0
22906,0
82350,0
73673,0
149817,0
201380,0
214751,0
107566,0
81627,0
59949,0
172627,0
136061,0
210968,0
29875,0
206020,0
36403,0
189430,0
116929,0
53075,0
29268,0
157316,0
49868,0
117332,0
84235,0
114415,0
126512,0
84016,0
62261,0
52990,0
205588,0
25412,0
74526,0
60285,0
26646,0
189266,0
145180,0
40025,0
182848,0
95657,0
161027,0
154205,0
87240,0
216692,0
27827,0
64256,0
201434,0
65079,0
185825,0
45820,0
170666,0
137486,0
156086,0
26844,0
157956,0
171786,0
218950,0
58715,0
119071,0
165285,0
28829,0
145197,0
188311,0
191036,0
179919,0
110914,0
90738,0
88926,0
94392,0
163889,0
104765,0
180422,0
146911,0
81449,0
51199,0
60213,0
136292,0
195793,0
135824,0
72620,0
29024,0
79459,0
56405,0
162684,0
170593,0
88576,0
174488,0
188755,0
170296,0
195851,0
79719,0
40884,0
211174,0
20839,0
127122,0
198785,0
140839,0
153953,0
168744,0
169414,0
105051,0
90593,0
171264,0
156986,0
20561,0
157961,0
199908,0
38695,0
84345,0
188639,0
50758,0
93309,0
179364,0
41295,0
210068,0
116058,0
82287,0
147447,0
116119,0
192183,0
146872,0
212857,0
139873,0
65824,0
28338,0
142613,0
53303,0
67647,0
110325,0
101294,0
120774,0
52662,0
163636,0
167824,0
79041,0
79083,0
130900,0
22243,0
36872,0
172861,0
39186,0
180414,0
98609,0
56396,0
117497,0
126820,0
28630,0
87315,0
141419,0
26061,0
136819,0
100262,0
151341,0
161885,0
109428,0
218772,0
57324,0
111976,0
165907,0
195387,0
185191,0
40598,0
26168,0
139744,0
39770,0
23765,0
50249,0
112882,0
207454,0
105281,0
158457,0
129290,0
29399,0
184058,0
75508,0
197190,0
161517,0
46475,0
161167,0
132116,0
128728,0
110638,0
67641,0
74741,0
217810,0
23170,0
145257,0
209824,0
114501,0
97335,0
29887,0
95693,0
41405,0
123038,0
124685,0
181248,0
22276,0
176679,0
198178,0
144751,0
43108,0
164034,0
118131,0
182185,0
173623,0
21109,0
39431,0
37442,0
213579,0
192188,0
66871,0
32259,0
145066,0
150969,0
189276,0
219745,0
188174,0
132560,0
113881,0
200391,0
70243,0
219195,0
170108,0
156420,0
195698,0
193071,0
66696,0
109890,0
81824,0
95641,0
81727,0
36190,0
59160,0
158665,0
44097,0
206809,0
127357,0
150545,0
77627,0
55999,0
210627,0
173855,0
40577,0
194357,0
182138,0
168148,0
115768,0
217675,0
22956,0
75120,0
182825,0
205389,0
107749,0
62151,0
64137,0
160076,0
87545,0
102930,0
197680,0
75488,0
87456,0
119551,0
133753,0
117425,0
171436,0
161633,0
110846,0
111071,0
102876,0
37439,0
210524,0
101866,0
193538,0
56381,0
217536,0
73695,0
28215,0
191146,0
66668,0
66982,0
58524,0
134266,0
82017,0
167055,0
95844,0
131470,0
74532,0
34266,0
48863,0
168983,0
150916,0
126731,0
209195,0
101571,0
42046,0
205350,0
80062,0
45741,0
164164,0
215883,0
218101,0
168014,0
170331,0
75923,0
110489,0
195232,0
28541,0
215894,0
38489,0
159603,0
78971,0
139750,0
85109,0
20933,0
80694,0
64593,0
115519,0
54406,0
109171,0
94571,0
185910,0
172300,0
175189,0
163524,0
189589,0
124773,0
110901,0
67691,0
71521,0
179697,0
75740,0
67413,0
73004,0
23285,0
209072,0
131171,0
105806,0
63938,0
186661,0
103859,0
109174,0
101940,0
159844,0
95400,0
69728,0
202803,0
115465,0
204187,0
215212,0
183970,0
71332,0
41158,0
56540,0
179160,0
105492,0
215891,0
90743,0
160408,0
35944,0
138266,0
84588,0
133684,0
115719,0
218427,0
214149,0
154079,0
179127,0
126493,0
201526,0
74162,0
90297,0
209929,0
52401,0
201925,0
21802,0
52127,0
37701,0
121388,0
29763,0
85618,0
93109,0
55862,0
176599,0
204036,0
57486,0
129849,0
72633,0
212043,0
113705,0
180445,0
32484,0
147188,0
218212,0
207123,0
55442,0
148318,0
208170,0
141843,0
207466,0
137114,0
191244,0
147037,0
60554,0
78978,0
156373,0
47196,0
205440,0
100399,0
140615,0
159377,0
213812,0
93379,0
168309,0
97130,0
205911,0
100351,0
177114,0
199170,0
155669,0
71083,0
36431,0
152289,0
47518,0
202106,0
189751,0
213642,0
84811,0
128609,0
155291,0
181084,0
124995,0
171851,0
108972,0
145284,0
71489,0
112792,0
150157,0
203317,0
91115,0
61393,0
163129,0
184208,0
132428,0
72623,0
133763,0
116993,0
100903,0
133451,0
139989,0
103107,0
88281,0
99096,0
126683,0
94145,0
198993,0
197723,0
218015,0
54864,0
162469,0
105382,0
137941,0
26084,0
137823,0
102256,0
84336,0
48724,0
185758,0
92790,0
20378,0
94462,0
29180,0
209595,0
131865,0
191274,0
214002,0
104484,0
89541,0
138791,0
113155,0
207196,0
81533,0
191532,0
33673,0
218561,0
217256,0
158514,0
179105,0
50629,0
83035,0
35144,0
212064,0
88329,0
126418,0
112195,0
24830,0
169317,0
166253,0
199623,0
107198,0
111957,0
100040,0
76811,0
65900,0
195385,0
188737,0
81839,0
219441,0
54729,0
140712,0
201556,0
102907,0
186021,0
141043,0
88661,0
163130,0
173305,0
185814,0
64686,0
108119,0
171211,0
188002,0
213171,0
145283,0
49628,0
153513,0
89181,0
163963,0
127296,0
91216,0
128795,0
39127,0
131123,0
67894,0
191555,0
84027,0
179292,0
202315,0
53259,0
46646,0
182285,0
170283,0
204602,0
108442,0
79429,0
22452,0
57864,0
123619,0
112241,0
63537,0
46630,0
217298,0
154690,0
122307,0
89893,0
21491,0
91498,0
104494,0
81043,0
119944,0
148292,0
22550,0
157980,0
100966,0
62302,0
142529,0
209362,0
158501,0
93197,0
132794,0
159451,0
39303,0
30649,0
96047,0
216216,0
109443,0
75751,0
203773,0
126356,0
48176,0
150719,0
80669,0
74274,0
71117,0
199227,0
171430,0
72425,0
180952,0
54073,0
205333,0
108120,0
115356,0
112967,0
149957,0
156334,0
157595,0
45279,0
25347,0
116624,0
186690,0
107581,0
27360,0
217570,0
104623,0
78107,0
136001,0
91661,0
104835,0
110393,0
215343,0
48618,0
191348,0
202674,0
86128,0
161597,0
45080,0
82042,0
133907,0
52125,0
95184,0
61984,0
138032,0
202856,0
158600,0
171500,0
69026,0
40866,0
131763,0
77892,0
83787,0
95540,0
103955,0
147496,0
106403,0
51865,0
165372,0
43555,0
126197,0
208927,0
205378,0
198838,0
23408,0
72176,0
93854,0
142641,0
136581,0
179025,0
78563,0
98400,0
195214,0
43669,0
180266,0
78986,0
218705,0
103524,0
135624,0
193582,0
73172,0
96850,0
127858,0
156754,0
212288,0
185816,0
95753,0
169439,0
46264,0
213649,0
62281,0
62639,0
58966,0
44340,0
80676,0
99345,0
51039,0
98673,0
82330,0
183111,0
210295,0
114396,0
161377,0
156881,0
144800,0
195293,0
131322,0
204462,0
211905,0
115961,0
126922,0
140626,0
201075,0
149602,0
209407,0
184004,0
143307,0
147226,0
182039,0
76269,0
35334,0
23084,0
41578,0
111442,0
157795,0
139785,0
122354,0
34346,0
215827,0
214255,0
59247,0
134690,0
38154,0
158885,0
214825,0
169062,0
171961,0
148554,0
111278,0
71869,0
136837,0
108929,0
183781,0
186144,0
74673,0
144212,0
130438,0
139120,0
183120,0
213962,0
185838,0
169645,0
45053,0
99195,0
82377,0
60107,0
41740,0
197441,0
69864,0
134644,0
108521,0
46201,0
143860,0
112857,0
25338,0
105023,0
58090,0
159573,0
163145,0
61669,0
48909,0
52991,0
149237,0
106574,0
202606,0
110260,0
134237,0
114465,0
120762,0
27183,0
116075,0
170859,0
191824,0
131295,0
214565,0
120033,0
209985,0
83925,0
202262,0
77736,0
84967,0
128133,0
188388,0
60379,0
24775,0
178111,0
179356,0
46429,0
209242,0
94907,0
146949,0
23580,0
91918,0
104374,0
137147,0
136083,0
46719,0
168323,0
201321,0
204975,0
58050,0
27134,0
105370,0
112303,0
100019,0
210307,0
88109,0
138856,0
112343,0
127733,0
137411,0
75313,0
140231,0
117189,0
76841,0
106561,0
98090,0
85210,0
161553,0
109376,0
151813,0
68502,0
52985,0
87279,0
184261,0
53667,0
122302,0
162637,0
163724,0
55028,0
194549,0
87328,0
100928,0
202611,0
121810,0
109129,0
38303,0
183552,0
164400,0
25828,0
118738,0
63691,0
97028,0
165412,0
201044,0
67180,0
172717,0
171151,0
90981,0
90732,0
204578,0
58899,0
128612,0
143055,0
154646,0
212123,0
76424,0
53680,0
139559,0
31577,0
121435,0
80985,0
108299,0
37978,0
29120,0
40625,0
76644,0
94094,0
139477,0
57710,0
43157,0
46523,0
188664,0
29121,0
66997,0
197564,0
24560,0
44905,0
92219,0
201678,0
103775,0
128266,0
56794,0
150269,0
123655,0
154667,0
103576,0
113413,0
196125,0
48038,0
203451,0
71026,0
55000,0
118005,0
109572,0
185818,0
44829,0
74254,0
21552,0
136899,0
195589,0
132118,0
33791,0
179149,0
26124,0
110001,0
57497,0
95507,0
40158,0
178227,0
96552,0
144271,0
168330,0
170525,0
23205,0
93869,0
88347,0
49547,0
50789,0
202481,0
101505,0
184183,0
99583,0
24397,0
211101,0
67138,0
100925,0
164887,0
216994,0
187181,0
159365,0
132933,0
28557,0
182678,0
209091,0
135749,0
169568,0
149802,0
47317,0
195080,0
80480,0
144744,0
144010,0
75619,0
40530,0
148211,0
57961,0
92571,0
153460,0
209329,0
146899,0
202867,0
207132,0
98028,0
89587,0
41084,0
182545,0
146261,0
145710,0
98265,0
208771,0
88473,0
173416,0
198055,0
190540,0
54128,0
94472,0
143658,0
84470,0
40534,0
119405,0
83733,0
111011,0
135264,0
79130,0
102860,0
210824,0
105117,0
212027,0
78187,0
162124,0
99739,0
140843,0
54954,0
133489,0
197490,0
108900,0
69503,0
110289,0
39661,0
138953,0
96833,0
50224,0
86122,0
200117,0
211155,0
209578,0
92785,0
174547,0
148457,0
36810,0
195071,0
81081,0
71883,0
181107,0
42927,0
180617,0
92285,0
116763,0
43789,0
213699,0
98485,0
154236,0
38392,0
186126,0
83166,0
76204,0
123852,0
76266,0
201665,0
171583,0
110317,0
184920,0
167014,0
202784,0
62007,0
61099,0
23627,0
152743,0
27968,0
140272,0
109410,0
90618,0
128577,0
204960,0
91245,0
109474,0
20478,0
189492,0
168979,0
64936,0
65047,0
89896,0
156569,0
28793,0
76114,0
100623,0
185778,0
26042,0
218948,0
98483,0
215526,0
100382,0
21217,0
51152,0
77383,0
95122,0
81284,0
77486,0
189692,0
194071,0
173985,0
207563,0
107901,0
114719,0
145650,0
205956,0
153856,0
51838,0
177174,0
115591,0
176315,0
39155,0
210086,0
81691,0
60401,0
186569,0
72558,0
62974,0
21560,0
193394,0
177467,0
53909,0
21369,0
125357,0
128212,0
170495,0
172053,0
77930,0
184287,0
199686,0
131598,0
199819,0
158918,0
85034,0
163731,0
38231,0
31047,0
26503,0
90768,0
100695,0
110111,0
37505,0
39572,0
67428,0
160346,0
212922,0
87861,0
160632,0
147398,0
191351,0
156461,0
155044,0
137130,0
78885,0
203234,0
219826,0
84346,0
56639,0
206505,0
48467,0
45776,0
137459,0
125277,0
183198,0
74251,0
216840,0
181919,0
155014,0
189207,0
129629,0
90162,0
121556,0
183273,0
82569,0
34978,0
30634,0
160863,0
31945,0
100420,0
194431,0
199716,0
87335,0
114646,0
150096,0
141501,0
42527,0
102136,0
170799,0
94815,0
163832,0
158081,0
118101,0
172255,0
22890,0
158922,0
97673,0
171150,0
117243,0
187735,0
93088,0
97655,0
186883,0
21294,0
219694,0
82073,0
144721,0
126417,0
153211,0
29663,0
199602,0
78468,0
67661,0
141932,0
168539,0
66978,0
214197,0
190241,0
52181,0
65260,0
130365,0
49358,0
67862,0
165680,0
31962,0
100875,0
110699,0
135065,0
152107,0
196382,0
90595,0
170092,0
105868,0
141566,0
50034,0
83849,0
202428,0
123435,0
154432,0
105112,0
22024,0
209825,0
124939,0
60123,0
52696,0
81668,0
101330,0
188537,0
215099,0
148571,0
59731,0
139749,0
125783,0
114323,0
203623,0
183828,0
108361,0
22574,0
84252,0
197903,0
31339,0
101989,0
82504,0
120991,0
49401,0
22712,0
164641,0
104693,0
214240,0
38124,0
147767,0
214053,0
121629,0
115691,0
27653,0
212452,0
32957,0
170926,0
154650,0
130084,0
176669,0
79296,0
35834,0
104404,0
83844,0
60971,0
128755,0
23665,0
99533,0
177426,0
58055,0
28006,0
82402,0
132141,0
209389,0
101978,0
178166,0
123014,0
213757,0
116773,0
187427,0
79885,0
28697,0
166164,0
71310,0
165914,0
80665,0
106707,0
111483,0
75544,0
146927,0
28084,0
124162,0
77601,0
171448,0
108834,0
202662,0
22678,0
43131,0
51964,0
40160,0
51966,0
76551,0
190736,0
146210,0
114202,0
145688,0
117950,0
79454,0
30491,0
122348,0
43755,0
135988,0
38020,0
166138,0
32989,0
159082,0
46185,0
134224,0
105291,0
61343,0
136959,0
142104,0
176426,0
44141,0
68501,0
28675,0
181217,0
41683,0
124890,0
217160,0
149132,0
195786,0
110099,0
104115,0
136438,0
29971,0
96868,0
195876,0
178719,0
130432,0
131122,0
26202,0
110133,0
27833,0
117513,0
193606,0
204938,0
212046,0
165161,0
84841,0
211138,0
205461,0
181664,0
117607,0
78225,0
211859,0
142181,0
94767,0
145077,0
107542,0
126450,0
65089,0
177777,0
160847,0
124018,0
138402,0
119325,0
102320,0
135843,0
198772,0
194672,0
219144,0
151064,0
174479,0
142197,0
28150,0
197485,0
195483,0
190950,0
126439,0
24415,0
212876,0
156818,0
63218,0
42080,0
20935,0
125173,0
102953,0
129625,0
150606,0
204928,0
163461,0
198298,0
105670,0
121617,0
184884,0
132457,0
129745,0
150358,0
164763,0
164274,0
140501,0
158610,0
206986,0
44498,0
173323,0
108988,0
124962,0
59408,0
207440,0
95413,0
157916,0
203104,0
169666,0
27890,0
125414,0
99907,0
86971,0
141765,0
33888,0
106207,0
160792,0
213840,0
211877,0
49943,0
123521,0
96448,0
192752,0
206848,0
133890,0
171654,0
44995,0
135033,0
132504,0
161824,0
193618,0
111105,0
27712,0
68563,0
203775,0
99106,0
79530,0
23391,0
33595,0
207113,0
91167,0
171741,0
60814,0
149731,0
122115,0
105437,0
43972,0
116514,0
133069,0
201696,0
91951,0
119064,0
78531,0
24454,0
62932,0
185688,0
179152,0
192213,0
70999,0
35225,0
28446,0
132570,0
74380,0
79813,0
106835,0
132967,0
170554,0
24930,0
176330,0
84882,0
197587,0
166672,0
176126,0
46794,0
182195,0
68066,0
22357,0
57617,0
89810,0
140760,0
213816,0
44010,0
120758,0
110607,0
20083,0
117686,0
190512,0
192469,0
66941,0
164924,0
123854,0
174679,0
148339,0
76338,0
36940,0
75201,0
155205,0
61837,0
106394,0
215057,0
95044,0
79666,0
131971,0
38532,0
30044,0
185581,0
49084,0
167619,0
65750,0
94304,0
34902,0
138695,0
64510,0
165003,0
62972,0
123595,0
32449,0
57943,0
108335,0
178846,0
94765,0
187685,0
70783,0
118054,0
85814,0
213615,0
101175,0
123263,0
201962,0
135658,0
196617,0
155157,0
140591,0
123909,0
196544,0
89998,0
190282,0
168885,0
55308,0
145063,0
184645,0
56665,0
83006,0
201502,0
213418,0
36491,0
146409,0
76035,0
121049,0
185228,0
78597,0
130205,0
143844,0
211122,0
93526,0
54198,0
26896,0
143651,0
71066,0
64220,0
121219,0
187222,0
184896,0
189940,0
21432,0
164771,0
141028,0
141653,0
94953,0
163436,0
195976,0
176686,0
99769,0
188197,0
150872,0
150985,0
24272,0
119422,0
54411,0
72494,0
146975,0
183619,0
136313,0
103002,0
136126,0
54692,0
143887,0
132815,0
208491,0
122792,0
161582,0
25067,0
143184,0
213696,0
201632,0
219999,0
21612,0
28118,0
189231,0
25881,0
37565,0
98396,0
66435,0
116606,0
209435,0
29298,0
90696,0
190213,0
217904,0
202932,0
95936,0
218972,0
150339,0
53086,0
102138,0
190942,0
188139,0
134327,0
116458,0
210489,0
67838,0
207560,0
175228,0
190323,0
194295,0
27811,0
120129,0
206745,0
118692,0
134423,0
86757,0
45215,0
123614,0
73432,0
36030,0
171708,0
29920,0
219044,0
168155,0
173978,0
138501,0
40962,0
98382,0
212809,0
148307,0
142270,0
33878,0
139716,0
201999,0
177019,0
178034,0
44136,0
178297,0
172380,0
26779,0
78564,0
212973,0
38885,0
44669,0
38812,0
63560,0
216093,0
95320,0
185686,0
125985,0
52786,0
93168,0
163174,0
91129,0
150106,0
41140,0
202897,0
164250,0
173913,0
90911,0
181531,0
140290,0
30446,0
42031,0
33180,0
210322,0
131064,0
170157,0
100226,0
51650,0
106055,0
139674,0
65299,0
111927,0
124758,0
106434,0
176054,0
114096,0
202104,0
179321,0
83952,0
175667,0
114655,0
200088,0
136414,0
207134,0
112717,0
206643,0
193578,0
103572,0
101874,0
136934,0
97065,0
77420,0
43615,0
134843,0
166287,0
86735,0
162990,0
212294,0
203201,0
32160,0
20328,0
192729,0
219818,0
86933,0
159810,0
122946,0
101055,0
94209,0
179818,0
138718,0
164808,0
129805,0
138339,0
175892,0
172870,0
115713,0
201031,0
208418,0
118774,0
42958,0
25596,0
209313,0
184302,0
36249,0
81112,0
131266,0
59271,0
65053,0
74674,0
132379,0
45024,0
97810,0
27882,0
196779,0
138052,0
36541,0
216016,0
112420,0
67345,0
150643,0
120877,0
145945,0
102097,0
32553,0
98600,0
91806,0
75025,0
175715,0
43700,0
154310,0
52659,0
162220,0
127371,0
41991,0
78948,0
33052,0
183874,0
21041,0
34243,0
131085,0
120915,0
38018,0
215779,0
44700,0
30359,0
202757,0
197234,0
70778,0
137454,0
28130,0
55407,0
180162,0
90799,0
113545,0
68978,0
28062,0
188590,0
97337,0
46557,0
26507,0
135217,0
172871,0
154761,0
162088,0
44854,0
24288,0
181346,0
202342,0
22530,0
82417,0
124569,0
139703,0
52544,0
215352,0
115532,0
181863,0
175029,0
22964,0
41946,0
199475,0
24176,0
45027,0
39351,0
209678,0
120051,0
75908,0
148937,0
47206,0
60322,0
67540,0
180166,0
105777,0
73189,0
155339,0
59950,0
138807,0
136749,0
100345,0
123025,0
198269,0
46571,0
167617,0
133637,0
186526,0
71755,0
26438,0
104685,0
97831,0
151977,0
172752,0
58177,0
97498,0
74589,0
67233,0
21269,0
63284,0
91962,0
203236,0
183267,0
98561,0
104827,0
113188,0
167444,0
200270,0
177662,0
85961,0
93152,0
52105,0
59413,0
165549,0
130330,0
95609,0
178658,0
172182,0
85547,0
217527,0
63310,0
96775,0
218657,0
114445,0
174846,0
148476,0
101210,0
218684,0
86562,0
186874,0
21821,0
126390,0
182551,0
209300,0
88523,0
91777,0
197863,0
186602,0
166681,0
107504,0
150993,0
30570,0
81490,0
103333,0
108692,0
134745,0
106680,0
191316,0
43873,0
140098,0
45804,0
38411,0
113713,0
37633,0
65509,0
89500,0
27856,0
120604,0
112785,0
77225,0
214177,0
217412,0
153664,0
196992,0
115182,0
164580,0
86543,0
59349,0
118156,0
86157,0
195463,0
21061,0
118717,0
80541,0
201732,0
219155,0
114792,0
203673,0
59358,0
131310,0
69505,0
185555,0
50804,0
87532,0
73963,0
100789,0
103121,0
104841,0
179578,0
154283,0
39352,0
172163,0
166068,0
188767,0
93113,0
33570,0
209975,0
71804,0
59022,0
126916,0
135473,0
24248,0
113904,0
63751,0
85578,0
48295,0
160675,0
201004,0
126696,0
195268,0
62146,0
158767,0
55710,0
205374,0
51745,0
117585,0
214478,0
177011,0
182243,0
60186,0
199997,0
156528,0
197298,0
26999,0
61225,0
209511,0
75925,0
125867,0
185046,0
36343,0
187530,0
69589,0
176920,0
160517,0
190716,0
32432,0
88145,0
87744,0
198444,0
87313,0
38484,0
200189,0
139678,0
84418,0
149757,0
148415,0
126425,0
135127,0
92317,0
162793,0
120005,0
33353,0
66902,0
158265,0
73629,0
61139,0
219406,0
131055,0
166601,0
180392,0
121641,0
115885,0
58492,0
193457,0
215691,0
197446,0
50413,0
209920,0
166193,0
132323,0
93073,0
200440,0
44095,0
89846,0
120753,0
130089,0
167734,0
184794,0
73647,0
156847,0
74350,0
210426,0
48412,0
138593,0
81019,0
21387,0
191871,0
126835,0
165764,0
132045,0
23979,0
99807,0
114833,0
171807,0
50305,0
140502,0
208371,0
77784,0
110598,0
115598,0
204413,0
174571,0
126533,0
177676,0
32982,0
185815,0
42664,0
27559,0
204252,0
105001,0
124045,0
140117,0
99593,0
81306,0
132830,0
54671,0
108655,0
70441,0
52797,0
66954,0
198525,0
125935,0
198795,0
75022,0
47786,0
181204,0
112324,0
81396,0
138157,0
22025,0
81699,0
190310,0
169287,0
130458,0
73729,0
154997,0
133218,0
30564,0
39432,0
28702,0
40743,0
99703,0
190114,0
219713,0
30607,0
199237,0
41917,0
35780,0
183952,0
188822,0
119746,0
47831,0
92755,0
173715,0
101317,0
109868,0
76500,0
42301,0
154087,0
111988,0
83955,0
85530,0
153204,0
42580,0
97212,0
170109,0
27963,0
173239,0
199667,0
113055,0
63626,0
140307,0
32400,0
196870,0
199544,0
167054,0
217130,0
74814,0
61906,0
178282,0
114454,0
90407,0
135352,0
187792,0
63944,0
39304,0
129503,0
127726,0
86845,0
52350,0
119893,0
209080,0
116646,0
23814,0
100482,0
200823,0
136118,0
109141,0
162460,0
27264,0
40317,0
132638,0
42127,0
147576,0
80637,0
163780,0
186421,0
81325,0
55534,0
113472,0
120271,0
176312,0
68416,0
46697,0
165055,0
56833,0
101641,0
203558,0
215848,0
40918,0
196714,0
177184,0
212737,0
48451,0
70497,0
115318,0
61400,0
121823,0
69826,0
27757,0
146748,0
190636,0
59243,0
214948,0
49194,0
170547,0
70013,0
65018,0
27335,0
34882,0
68513,0
88599,0
70755,0
118742,0
210015,0
193212,0
72738,0
135409,0
22305,0
169643,0
59085,0
79383,0
96029,0
102058,0
160964,0
146993,0
91778,0
132267,0
75357,0
106579,0
112153,0
171717,0
90430,0
21753,0
39039,0
72840,0
91065,0
196770,0
48638,0
139512,0
132278,0
100011,0
113245,0
79776,0
109353,0
157449,0
56968,0
193444,0
80079,0
74835,0
185232,0
73750,0
83336,0
51979,0
198102,0
212397,0
26067,0
62174,0
56013,0
85918,0
64867,0
32608,0
86137,0
177160,0
44217,0
159592,0
109719,0
95716,0
125447,0
80752,0
136169,0
214773,0
63773,0
86790,0
91897,0
127720,0
47162,0
64107,0
184142,0
210470,0
166281,0
96009,0
141468,0
175195,0
173521,0
111766,0
151198,0
64289,0
121144,0
30525,0
133837,0
135405,0
31848,0
35089,0
46806,0
199704,0
157657,0
84223,0
126040,0
29036,0
101631,0
62019,0
159079,0
61940,0
189657,0
81990,0
91546,0
139427,0
197408,0
34041,0
190402,0
140099,0
128246,0
21014,0
31379,0
115789,0
25224,0
162218,0
132594,0
151115,0
129196,0
72969,0
166888,0
26566,0
127049,0
203349,0
109826,0
148614,0
162273,0
66017,0
185458,0
111077,0
130911,0
91184,0
217086,0
69912,0
123016,0
71444,0
27812,0
37060,0
82267,0
41727,0
56298,0
214944,0
166226,0
178007,0
196664,0
32021,0
56884,0
181785,0
74095,0
79777,0
77773,0
124923,0
34381,0
50603,0
60159,0
110718,0
217671,0
48757,0
165609,0
151892,0
171804,0
212017,0
130807,0
137068,0
128383,0
200043,0
72036,0
75800,0
177680,0
176403,0
165512,0
51695,0
78186,0
133832,0
59462,0
138007,0
170603,0
117407,0
213508,0
41289,0
71625,0
176999,0
139369,0
114029,0
52532,0
219524,0
138947,0
49025,0
23990,0
106793,0
145325,0
111914,0
85052,0
146501,0
44726,0
200710,0
178547,0
118435,0
58693,0
96221,0
114746,0
118709,0
181553,0
217723,0
65437,0
95981,0
120760,0
83341,0
105255,0
195335,0
23227,0
166922,0
159280,0
26935,0
113301,0
41132,0
82793,0
112509,0
25042,0
76810,0
20963,0
51231,0
161827,0
46509,0
103617,0
69606,0
58706,0
141274,0
74108,0
216861,0
31410,0
188055,0
197611,0
191704,0
64895,0
26651,0
151918,0
92891,0
146826,0
71878,0
75138,0
141854,0
190272,0
170852,0
78913,0
170122,0
217316,0
179727,0
95169,0
122998,0
54404,0
93170,0
203411,0
41687,0
125121,0
202909,0
82463,0
31473,0
148185,0
120411,0
193556,0
41483,0
125185,0
87254,0
152597,0
143394,0
92294,0
144843,0
58962,0
154233,0
94938,0
62278,0
46757,0
141542,0
80243,0
26906,0
166997,0
209812,0
164806,0
203263,0
130546,0
159609,0
164436,0
125611,0
41861,0
25256,0
207257,0
76794,0
159166,0
193734,0
42620,0
206363,0
63709,0
20135,0
59317,0
56676,0
161452,0
111644,0
175952,0
160415,0
165378,0
56315,0
45034,0
22086,0
206924,0
188409,0
69754,0
83807,0
126310,0
90610,0
25514,0
120329,0
217408,0
65497,0
80744,0
104322,0
126945,0
155733,0
26132,0
87333,0
203688,0
167948,0
106127,0
30821,0
208049,0
101613,0
62094,0
35876,0
209466,0
176824,0
211359,0
31174,0
57012,0
196824,0
166567,0
45733,0
43329,0
194523,0
152802,0
142019,0
184787,0
30861,0
213047,0
98707,0
202929,0
130667,0
81590,0
127589,0
171557,0
36399,0
73994,0
126500,0
29267,0
97799,0
55012,0
45242,0
128226,0
72708,0
160708,0
154425,0
74188,0
25217,0
142685,0
166483,0
140609,0
108197,0
187495,0
163772,0
95271,0
183464,0
58239,0
182484,0
41181,0
34671,0
68082,0
168759,0
84300,0
96665,0
166439,0
164462,0
46181,0
133125,0
82827,0
144498,0
141003,0
96037,0
197489,0
77772,0
130906,0
66372,0
89105,0
185283,0
116620,0
159113,0
209525,0
34278,0
114505,0
148222,0
119518,0
199541,0
168807,0
205251,0
101184,0
215062,0
78290,0
113890,0
63604,0
106674,0
185874,0
81426,0
158620,0
207355,0
168154,0
194373,0
185470,0
150011,0
114581,0
155213,0
99084,0
34948,0
194324,0
162607,0
121635,0
136923,0
195188,0
87074,0
31328,0
103237,0
216669,0
29836,0
86852,0
139964,0
215784,0
182961,0
70660,0
161646,0
82875,0
153584,0
165842,0
197983,0
121387,0
145755,0
85254,0
84927,0
60628,0
184598,0
30623,0
185817,0
25633,0
154023,0
185339,0
154144,0
206375,0
112234,0
192011,0
35096,0
29039,0
74533,0
128763,0
216017,0
25574,0
75077,0
94489,0
35407,0
83278,0
74687,0
178246,0
50619,0
54578,0
21128,0
171742,0
28279,0
192904,0
45594,0
42221,0
137876,0
84773,0
45882,0
192449,0
189833,0
153016,0
165648,0
177016,0
199455,0
197864,0
141824,0
74298,0
42829,0
205141,0
35845,0
77123,0
36636,0
21226,0
25964,0
30167,0
55591,0
168357,0
128405,0
66762,0
144085,0
47959,0
153103,0
23193,0
152683,0
146528,0
70934,0
138482,0
29020,0
175743,0
142896,0
177018,0
188030,0
22129,0
162711,0
33660,0
90156,0
56380,0
96623,0
99591,0
212538,0
75438,0
69611,0
36532,0
83164,0
139738,0
102416,0
77476,0
205184,0
97244,0
210041,0
105595,0
121486,0
40321,0
168934,0
128219,0
190698,0
144086,0
62544,0
146106,0
160726,0
92796,0
21582,0
61078,0
145562,0
161555,0
158655,0
98655,0
137982,0
158028,0
201314,0
185477,0
128093,0
27449,0
23158,0
113053,0
98720,0
151300,0
134152,0
119767,0
149542,0
32897,0
201600,0
198849,0
188778,0
68455,0
83248,0
95996,0
44730,0
83174,0
22156,0
114381,0
121036,0
214136,0
104236,0
66366,0
167233,0
181249,0
74513,0
53437,0
69019,0
156875,0
104874,0
139739,0
174094,0
136249,0
22912,0
32810,0
62251,0
50694,0
198695,0
88397,0
20618,0
153156,0
84323,0
146103,0
38308,0
167560,0
211013,0
103263,0
167805,0
199755,0
105926,0
209496,0
36304,0
109303,0
35771,0
108958,0
67334,0
59806,0
53513,0
61579,0
65457,0
123929,0
39706,0
181305,0
218910,0
63769,0
73052,0
131420,0
113105,0
170651,0
168252,0
75580,0
123231,0
90680,0
212686,0
78426,0
189852,0
112661,0
39266,0
138616,0
182462,0
67809,0
166042,0
205670,0
160239,0
142403,0
130746,0
171473,0
105369,0
219458,0
167808,0
106519,0
50382,0
118084,0
95687,0
193628,0
182234,0
192236,0
200283,0
112251,0
189949,0
185199,0
201414,0
130282,0
44504,0
159780,0
22753,0
76576,0
92095,0
25387,0
106150,0
170940,0
170928,0
215209,0
177167,0
97016,0
134273,0
130710,0
38386,0
163533,0
74662,0
72839,0
41479,0
31714,0
26062,0
88184,0
201609,0
209862,0
187097,0
95592,0
21954,0
146410,0
149620,0
207327,0
34260,0
189033,0
28113,0
78239,0
139680,0
84353,0
182240,0
86083,0
41208,0
115718,0
23612,0
41998,0
112155,0
73602,0
193580,0
206702,0
140924,0
69742,0
127881,0
206268,0
94912,0
181272,0
153300,0
23882,0
138383,0
174219,0
114313,0
216742,0
42213,0
159172,0
66812,0
186547,0
104478,0
105829,0
60515,0
165511,0
52481,0
31388,0
78524,0
150037,0
129063,0
61553,0
215877,0
201351,0
154104,0
64538,0
169010,0
88716,0
34710,0
61213,0
112261,0
188121,0
42473,0
104040,0
55699,0
102356,0
75285,0
182422,0
206372,0
175776,0
122073,0
103438,0
55105,0
150912,0
59653,0
63729,0
44779,0
70988,0
43766,0
169796,0
113058,0
72204,0
178117,0
42672,0
164458,0
60613,0
23146,0
193087,0
85604,0
60714,0
139493,0
42818,0
65566,0
183755,0
22658,0
160304,0
167811,0
163909,0
159296,0
52060,0
44336,0
121613,0
83424,0
209764,0
66169,0
134623,0
154961,0
149885,0
177128,0
180860,0
38673,0
107786,0
63135,0
209219,0
56674,0
70421,0
218362,0
211943,0
191963,0
169004,0
215822,0
176425,0
110343,0
219188,0
132581,0
217080,0
104372,0
114988,0
50993,0
86170,0
175387,0
72296,0
184071,0
70050,0
80671,0
170890,0
189001,0
198457,0
104644,0
122237,0
39502,0
204489,0
141980,0
49663,0
61907,0
144102,0
172006,0
152618,0
51307,0
127039,0
95787,0
29563,0
128877,0
74236,0
92913,0
148717,0
116359,0
77426,0
186290,0
120529,0
182778,0
95803,0
188612,0
131414,0
48475,0
53119,0
38756,0
47822,0
120141,0
76528,0
67412,0
205253,0
171829,0
213813,0
83047,0
146859,0
141314,0
184461,0
22495,0
187392,0
96260,0
93418,0
152625,0
46178,0
145149,0
136175,0
204179,0
137606,0
136528,0
71503,0
191328,0
196757,0
111650,0
47701,0
37044,0
92647,0
189879,0
118539,0
154686,0
46661,0
20528,0
126268,0
202864,0
132724,0
61143,0
44733,0
211472,0
48276,0
186941,0
207738,0
176387,0
117301,0
197027,0
124738,0
39409,0
177466,0
114804,0
160907,0
159816,0
148907,0
72798,0
20400,0
165017,0
167732,0
152241,0
114735,0
92127,0
185846,0
22614,0
218641,0
73501,0
97867,0
22893,0
112675,0
192225,0
42518,0
147003,0
120934,0
178451,0
135398,0
127020,0
93136,0
83233,0
205278,0
210936,0
180845,0
118009,0
122145,0
21736,0
27619,0
88914,0
77472,0
65131,0
92110,0
41507,0
84512,0
118594,0
110331,0
35206,0
203429,0
137070,0
110277,0
170184,0
212976,0
178884,0
99989,0
121918,0
31572,0
101580,0
67135,0
120277,0
59423,0
152465,0
185239,0
83748,0
196516,0
148847,0
178017,0
56128,0
199196,0
133685,0
142934,0
137455,0
162102,0
73286,0
127723,0
183744,0
193409,0
173032,0
60060,0
34532,0
113923,0
49408,0
60006,0
112893,0
101403,0
180028,0
56842,0
149251,0
203803,0
74769,0
56373,0
94829,0
121356,0
88061,0
130633,0
81869,0
196306,0
194306,0
205292,0
116928,0
216369,0
189704,0
103472,0
114296,0
120325,0
20452,0
125443,0
60248,0
51069,0
126539,0
74072,0
72736,0
116328,0
69139,0
26060,0
54674,0
53221,0
95821,0
125076,0
95903,0
35182,0
158703,0
34493,0
28082,0
131224,0
209465,0
44560,0
91466,0
68156,0
98241,0
24486,0
139100,0
171243,0
46524,0
110622,0
78686,0
98001,0
110571,0
169233,0
23549,0
124234,0
115382,0
196911,0
78999,0
113414,0
66211,0
83640,0
110870,0
110237,0
121173,0
96917,0
31721,0
44959,0
100625,0
36108,0
32384,0
208202,0
213983,0
189732,0
95961,0
199604,0
129782,0
166323,0
32516,0
57619,0
78278,0
112664,0
170130,0
35645,0
185859,0
125326,0
132647,0
212459,0
103361,0
55061,0
128238,0
37064,0
219614,0
136287,0
191719,0
69976,0
38007,0
41153,0
21904,0
31952,0
144666,0
195739,0
147782,0
143412,0
50390,0
121820,0
31095,0
74793,0
152831,0
155921,0
153283,0
30396,0
92275,0
131269,0
53957,0
30180,0
54235,0
38981,0
125582,0
139166,0
43604,0
67911,0
133949,0
207920,0
114938,0
187631,0
210848,0
215742,0
41985,0
120964,0
40699,0
71032,0
82571,0
81913,0
120127,0
163614,0
203009,0
198584,0
209899,0
162834,0
87044,0
120970,0
54711,0
184337,0
120681,0
197985,0
139960,0
92622,0
100754,0
110996,0
113676,0
196898,0
152696,0
194303,0
145617,0
93137,0
211530,0
206974,0
56412,0
40538,0
127939,0
93535,0
141580,0
160050,0
200183,0
184764,0
62460,0
42302,0
156372,0
93585,0
124546,0
136028,0
102245,0
72903,0
149987,0
133597,0
49359,0
57442,0
143507,0
209915,0
23322,0
60065,0
74323,0
219776,0
114895,0
20876,0
192943,0
129899,0
216857,0
214230,0
192531,0
58031,0
127301,0
68043,0
173712,0
198517,0
140964,0
115459,0
161944,0
195979,0
194945,0
43539,0
163393,0
33524,0
150286,0
154808,0
67049,0
64280,0
182495,0
27119,0
190522,0
202743,0
208807,0
121665,0
212728,0
106417,0
25454,0
127923,0
39146,0
180279,0
31114,0
43139,0
79229,0
127850,0
59283,0
105044,0
193653,0
161022,0
59108,0
121441,0
37504,0
131364,0
198668,0
189746,0
123150,0
213457,0
42966,0
166635,0
122068,0
208580,0
216401,0
51129,0
173442,0
151211,0
86172,0
190628,0
163199,0
100046,0
139933,0
123261,0
108599,0
69991,0
141767,0
94506,0
67041,0
201157,0
67364,0
187802,0
24333,0
96243,0
55947,0
95348,0
210942,0
173451,0
120919,0
127658,0
47648,0
213250,0
178590,0
63957,0
32360,0
64969,0
20280,0
95422,0
128287,0
55781,0
62716,0
108875,0
79436,0
48600,0
163307,0
41272,0
87099,0
84546,0
215394,0
115723,0
45126,0
34459,0
201889,0
130832,0
126506,0
76166,0
125066,0
46490,0
133016,0
174842,0
191809,0
53568,0
55955,0
159084,0
74982,0
119415,0
107250,0
156014,0
79643,0
113237,0
52321,0
99083,0
20261,0
187279,0
210972,0
93917,0
81371,0
27273,0
155235,0
146897,0
89521,0
174990,0
73930,0
30918,0
78930,0
219752,0
149319,0
102586,0
86552,0
90008,0
131060,0
88043,0
113342,0
208485,0
205311,0
207370,0
115251,0
182223,0
167631,0
66182,0
31522,0
164052,0
92786,0
202580,0
125482,0
140028,0
181072,0
183877,0
99294,0
203013,0
50892,0
63059,0
55033,0
128409,0
210168,0
197212,0
93129,0
169895,0
102050,0
181290,0
93301,0
85756,0
61558,0
28420,0
108513,0
113004,0
74545,0
207908,0
179957,0
52845,0
204807,0
61888,0
204430,0
63584,0
170267,0
134604,0
112891,0
21303,0
83186,0
108773,0
216146,0
200900,0
97987,0
41543,0
198378,0
60009,0
168959,0
164463,0
124996,0
41610,0
152662,0
146510,0
57391,0
152219,0
146459,0
72659,0
74207,0
191183,0
67319,0
60109,0
133858,0
217505,0
183408,0
199764,0
130334,0
47962,0
132326,0
23619,0
213152,0
193942,0
208029,0
55880,0
72810,0
180482,0
115341,0
90306,0
124598,0
151266,0
78637,0
34359,0
53288,0
202290,0
46582,0
126794,0
77474,0
55646,0
156023,0
162496,0
103832,0
79520,0
28537,0
208577,0
146223,0
190281,0
183923,0
168499,0
55971,0
90075,0
34729,0
180604,0
174432,0
104075,0
137603,0
179570,0
66627,0
30717,0
38860,0
176590,0
43788,0
195996,0
32456,0
46418,0
154429,0
76322,0
143074,0
109509,0
213814,0
21663,0
54110,0
165181,0
49675,0
52803,0
214865,0
113829,0
169507,0
185246,0
187275,0
170346,0
103908,0
